,track_id,track_name,artist_name,album_name,artist_id,popularity,duration_ms,explicit,danceability,energy,key,loudness,mode,speechiness,acousticness,instrumentalness,liveness,valence,tempo,time_signature
0,2FGhB10Gon36GgFcOTMQEW,Poesia Acústica #7: Céu Azul,Vitão,Poesia Acústica #7: Céu Azul,06lnOkY99sXVW44Y0M4BDP,69,572038,True,0.795,0.697,9,-4.276,0,0.31,0.0875,0,0.0997,0.543,102.756,4
1,6l1PdE7lQbodewVQh16GCM,Sei Lá,Vitão,Sei Lá,06lnOkY99sXVW44Y0M4BDP,61,190363,False,0.661,0.43,6,-8.738,1,0.0422,0.519,0,0.111,0.962,151.955,3
2,25gD4PQjxCLnwIY2n23aEl,Flores,Vitão,Flores,06lnOkY99sXVW44Y0M4BDP,58,155798,False,0.626,0.599,6,-5.869,0,0.103,0.255,0,0.16,0.621,100.004,4
3,66qOxO7krWQpQWZPi1IzQo,Penelope,Vitão,Penelope,06lnOkY99sXVW44Y0M4BDP,59,171513,False,0.718,0.501,10,-8.002,1,0.0343,0.702,0.000466,0.112,0.473,120.009,4
4,6jeLXLAY7vx5OIn3UFjfj8,Cobertor - Remix,Vitão,Cobertor (Remix),06lnOkY99sXVW44Y0M4BDP,57,195647,False,0.704,0.503,0,-7.045,0,0.0817,0.614,0,0.369,0.748,153.922,4
5,6i9ToXS6CAfjpp8veBklg1,Café,Vitão,Vitão,06lnOkY99sXVW44Y0M4BDP,56,190434,False,0.776,0.5,11,-4.788,1,0.0979,0.0537,0,0.344,0.491,92.027,4
6,1KshLJaAFxRowOEKgdgk9D,Mais Que Ontem,Vitão,Quintal,06lnOkY99sXVW44Y0M4BDP,56,177014,False,0.486,0.508,5,-8.833,1,0.0842,0.743,0,0.109,0.594,85.782,4
7,6toDZSoqG5QUitFsoxavRy,Complicado,Vitão,Ouro,06lnOkY99sXVW44Y0M4BDP,53,179339,False,0.734,0.484,7,-7.486,0,0.13,0.57,0,0.224,0.499,130.05,4
8,4iANxSIDT3kGekiquMSAgT,Embrasa,Vitão,Vitão,06lnOkY99sXVW44Y0M4BDP,53,243020,False,0.699,0.531,0,-5.714,1,0.0889,0.107,0,0.568,0.701,127.967,4
9,1FpIwrg7pwzGhakpokNbuT,Toda Manhã,Vitão,Ato 1: TODAMANHÃ,06lnOkY99sXVW44Y0M4BDP,50,146490,False,0.677,0.799,0,-6.879,1,0.103,0.074,0,0.119,0.671,98.977,4
10,0WQiDwKJclirSYG9v5tayI,There Is a Light That Never Goes Out - 2011 Remaster,The Smiths,The Queen Is Dead,3yY2gUcIsjMr8hjo51PoJ8,80,244586,False,0.523,0.769,4,-5.855,1,0.0269,0.04,0,0.136,0.876,136.162,4
11,1FvDJ9KGxcqwv1utyPL3JZ,This Charming Man - 2011 Remaster,The Smiths,The Smiths,3yY2gUcIsjMr8hjo51PoJ8,79,162920,False,0.611,0.846,11,-5.9,1,0.0436,0.00509,0,0.0784,0.751,103.912,4
12,1xaTREM89RbIxkcjlpf4Uw,Heaven Knows I'm Miserable Now - 2011 Remaster,The Smiths,Hatful of Hollow,3yY2gUcIsjMr8hjo51PoJ8,77,215760,False,0.609,0.759,6,-4.862,1,0.0276,0.028,0,0.183,0.774,114.045,4
13,69Kzq3FMkDwiSFBQzRckFD,This Night Has Opened My Eyes - 2011 Remaster,The Smiths,Hatful of Hollow,3yY2gUcIsjMr8hjo51PoJ8,76,221533,False,0.696,0.628,2,-8.407,1,0.0274,0.00102,0.428,0.272,0.701,100.038,4
14,6LUGvXEAK8WxIBYK43uoTb,Back to the Old House - 2011 Remaster,The Smiths,Louder Than Bombs,3yY2gUcIsjMr8hjo51PoJ8,76,186626,False,0.626,0.488,2,-7.805,1,0.0253,0.0102,0.000188,0.141,0.404,104.13,3
15,6BrMEbPSSj55nQhkgf6DnE,"Please, Please, Please, Let Me Get What I Want - 2011 Remaster",The Smiths,Hatful of Hollow,3yY2gUcIsjMr8hjo51PoJ8,74,112706,False,0.241,0.468,2,-9.579,1,0.0272,0.534,0,0.161,0.451,91.581,3
16,2OErSh4oVVAUll0vHxdr6p,Bigmouth Strikes Again - 2011 Remaster,The Smiths,The Queen Is Dead,3yY2gUcIsjMr8hjo51PoJ8,72,193320,False,0.401,0.901,1,-5.011,0,0.041,0.0704,0,0.538,0.839,134.799,4
17,1YrnDTqvcnUKxAIeXyaEmU,How Soon Is Now? - 2011 Remaster,The Smiths,Hatful of Hollow,3yY2gUcIsjMr8hjo51PoJ8,72,408173,False,0.398,0.93,11,-6.76,1,0.0615,0.000854,0.121,0.0874,0.725,190.818,4
18,3M2bD9SMYnJIPdrTKUnBd3,I Know It's Over - 2011 Remaster,The Smiths,The Queen Is Dead,3yY2gUcIsjMr8hjo51PoJ8,68,349186,False,0.407,0.424,0,-10.583,1,0.0318,0.0847,0,0.234,0.404,113.311,3
19,3wUMcPzXcmaeW8QxTdyXQO,Pretty Girls Make Graves - 2011 Remaster,The Smiths,The Smiths,3yY2gUcIsjMr8hjo51PoJ8,68,223253,False,0.614,0.663,6,-9.059,0,0.0265,0.00543,5.3e-06,0.199,0.778,116.217,4
20,1TgVaCf8D5mXZrK1d7uIZe,Bebê Tá Solta,Dj Bnão,M.P.B,0F1EEVbFwozNDGU9DAdpq8,70,197104,True,0.939,0.612,9,-9.452,1,0.0505,0.865,0.433,0.111,0.946,130.028,4
21,3qWg5yAEOqLeN9MYGhsVrm,Se Pa Que Ela Tente Mudar,Dj Bnão,Se Pa Que Ela Tente Mudar,0F1EEVbFwozNDGU9DAdpq8,47,171135,True,0.485,0.631,11,-5.044,0,0.221,0.832,0,0.19,0.433,129.994,4
22,59O0Xlgmh1no1j1PcdDfif,Pa Pa Pa Terrorista,Dj Bnão,Pa Pa Pa Terrorista,0F1EEVbFwozNDGU9DAdpq8,43,128063,True,0.53,0.465,2,-2.969,1,0.0382,0.423,0.00396,0.0941,0.1,129.698,4
23,01FxnSwktJPa2uJpuJjWCs,Apaixonado pela Putaria,Dj Bnão,Apaixonado pela Putaria,0F1EEVbFwozNDGU9DAdpq8,37,141797,True,0.629,0.847,7,-4.183,1,0.235,0.747,2.6e-05,0.22,0.674,129.897,4
24,4db8TA3wFXHMIU3250RSfQ,FLAUTA SUBIMARINA,Dj Bnão,FLAUTA SUBIMARINA,0F1EEVbFwozNDGU9DAdpq8,36,181704,True,0.903,0.561,9,-7.768,1,0.359,0.951,0.549,0.0924,0.459,129.945,4
25,6SWK4XnrrUFbADr3RbhdwG,RITMO ENVOLVENTE !,Dj Bnão,RITMO ENVOLVENTE !,0F1EEVbFwozNDGU9DAdpq8,29,150979,True,0.938,0.854,11,-4.951,1,0.0938,0.166,0.35,0.0768,0.482,129.975,4
26,4cCuKIaA1c6TUdRw5CO5sl,AUTOMOTIVO DOS MAL ELEMENTO!,Dj Bnão,AUTOMOTIVO DOS MAL ELEMENTO!,0F1EEVbFwozNDGU9DAdpq8,29,158980,True,0.801,0.612,0,-8.763,1,0.449,0.68,0.0115,0.24,0.621,130.111,4
27,6m6OREWKTKC2pOd4TI83DU,Japonesa,Dj Bnão,Japonesa,0F1EEVbFwozNDGU9DAdpq8,26,126339,True,0.837,0.632,5,-5.683,0,0.52,0.834,0,0.0838,0.366,129.943,4
28,4b1OpfKHlupWXGy2yOyhTu,HOMENAGEM A O DJ HKZS !!,Dj Bnão,HOMENAGEM A O DJ HKZS !!,0F1EEVbFwozNDGU9DAdpq8,24,157884,True,0.798,0.924,8,-1.265,0,0.135,0.126,0.0975,0.218,0.444,129.934,4
29,0qImQ8gwFvkWTYKE8SBpdt,PHONK VICIANTE,Dj Bnão,PHONK VICIANTE,0F1EEVbFwozNDGU9DAdpq8,20,141874,True,0.791,0.876,6,-6.389,1,0.0379,0.178,0.413,0.14,0.294,129.993,4
30,1rLahQ58edFplZKDcjJ7cH,Mandraka,Luchinha Jr,Dos Prédios,5v2bQ2dsdQmr2ARUYwnDHX,77,122177,True,0.786,0.375,3,-9.819,0,0.0969,0.499,0,0.105,0.366,109.991,4
31,6i1Z0naL4LJcp8xpiQx7CH,Mlq Marrento,Luchinha Jr,Nova Moda,5v2bQ2dsdQmr2ARUYwnDHX,54,192000,True,0.814,0.536,1,-6.139,0,0.112,0.291,0,0.0892,0.521,120.017,4
32,7fLapQREtdZgtvs7SKLEG2,Documentário,Luchinha Jr,Nova Moda,5v2bQ2dsdQmr2ARUYwnDHX,54,127384,False,0.731,0.711,3,-4.761,0,0.0304,0.569,0,0.28,0.717,129.974,4
33,1NIyF90YwweiUdB0hMWaxa,Preto Chique,Luchinha Jr,Nova Moda,5v2bQ2dsdQmr2ARUYwnDHX,48,178474,True,0.728,0.557,4,-5.373,0,0.0388,0.214,0,0.0977,0.25,114.946,4
34,5dlsn3Rra8eUz4vqM7vV9I,Puta Má,Luchinha Jr,Puta Má,5v2bQ2dsdQmr2ARUYwnDHX,18,127500,True,0.649,0.52,5,-8.581,0,0.0492,0.151,0,0.186,0.549,124.157,4
35,3DfYFevtssKXu8mfiuU24v,Vidro Embaçado,Luchinha Jr,Honra & Lealdade,5v2bQ2dsdQmr2ARUYwnDHX,14,167671,True,0.71,0.646,2,-6.465,1,0.0496,0.0678,0,0.114,0.516,145.986,4
36,4DOR0CJnlw8Y7C7sSjAJIV,Feiticeira,Luchinha Jr,Feiticeira,5v2bQ2dsdQmr2ARUYwnDHX,5,208192,True,0.604,0.57,8,-7.642,0,0.187,0.2,0,0.107,0.519,165.73,4
37,3BdggYJe0HDR8CyYoaVZ3L,Gorila,Luchinha Jr,Gorila,5v2bQ2dsdQmr2ARUYwnDHX,4,147096,True,0.81,0.588,5,-9.443,0,0.0378,0.705,0,0.119,0.377,123.991,4
38,3hJuebGD325bsqv83kwUEX,Gratidão,Luchinha Jr,Big Drip,5v2bQ2dsdQmr2ARUYwnDHX,3,138151,False,0.824,0.598,0,-8.75,0,0.0727,0.413,0,0.109,0.448,119.005,4
39,5EMjJPjNVvUCUJKc2C1GPz,Prada,Luchinha Jr,Prada,5v2bQ2dsdQmr2ARUYwnDHX,3,158769,True,0.818,0.466,5,-11.478,0,0.0666,0.122,0,0.14,0.386,98.001,4
40,6JIC3hbC28JZKZ8AlAqX8h,Cold Heart - PNAU Remix,PNAU,The Lockdown Sessions,6n28c9qs9hNGriNa72b26u,83,202735,False,0.795,0.8,1,-6.32,1,0.0309,0.0354,7.25e-05,0.0915,0.934,116.032,4
41,5Zn95uMcSkg22ScxTEVmRz,The Hard Way,PNAU,The Hard Way,6n28c9qs9hNGriNa72b26u,64,183925,False,0.691,0.906,0,-4.459,1,0.169,0.072,0,0.297,0.653,119.985,4
42,2fNaMBJBFpv1PQ1zXkxIcO,Stars,PNAU,Stars,6n28c9qs9hNGriNa72b26u,62,171233,False,0.707,0.888,5,-3.92,0,0.0472,0.113,0,0.271,0.831,116.015,4
43,2SdMEke7JCBEo8t60iyw2r,Changes - Radio Mix,PNAU,Changes,6n28c9qs9hNGriNa72b26u,69,202173,False,0.772,0.7,1,-7.285,1,0.0332,0.00585,0.49,0.0745,0.426,126.017,4
44,3oyBjanJeqPz5cOMDedCyl,You Know What I Need,PNAU,You Know What I Need,6n28c9qs9hNGriNa72b26u,60,170000,False,0.775,0.896,6,-3.445,0,0.0901,0.017,0,0.0492,0.86,109.929,4
45,3rJvr6YpIZTsx32nSDJ26Q,2 Be Loved (Am I Ready) [PNAU Remix],PNAU,2 Be Loved (Am I Ready) [PNAU Remix],6n28c9qs9hNGriNa72b26u,64,222800,False,0.786,0.951,4,-3.819,0,0.133,0.0475,6.04e-06,0.0655,0.675,133.002,4
46,3eTMWHfAxwRop0mAl1uOe5,Changes,PNAU,Changa,6n28c9qs9hNGriNa72b26u,59,342856,False,0.822,0.692,3,-8.041,0,0.0371,0.00976,0.755,0.0696,0.235,126.001,4
47,15Xt2CmLqrLJ0uBlDEEimX,Go Bang,PNAU,Go Bang,6n28c9qs9hNGriNa72b26u,50,189493,False,0.603,0.882,2,-3.13,1,0.0338,0.0494,0.0132,0.241,0.507,120.996,4
48,6400BZ7REh8DshcZKU7Pfp,Chameleon,PNAU,Chameleon,6n28c9qs9hNGriNa72b26u,45,198426,False,0.718,0.933,4,-3.211,1,0.0419,0.00181,0.00013,0.3,0.197,119.999,4
49,7DQ5CZjAQdhgDgdnSXxJ7Z,Solid Gold,PNAU,Solid Gold,6n28c9qs9hNGriNa72b26u,56,208367,False,0.567,0.946,5,-2.245,0,0.0541,0.0978,1.37e-06,0.0836,0.295,104.983,4
50,2LawezPeJhN4AWuSB0GtAU,Have You Ever Seen The Rain,Creedence Clearwater Revival,Pendulum (Expanded Edition),3IYUhFvPQItj6xySrBmZkd,87,160133,False,0.741,0.697,0,-7.028,1,0.0277,0.0664,2.28e-05,0.133,0.774,116.109,4
51,4BP3uh0hFLFRb5cjsgLqDh,Fortunate Son,Creedence Clearwater Revival,Willy And The Poor Boys (Expanded Edition),3IYUhFvPQItj6xySrBmZkd,85,140773,False,0.64,0.663,0,-7.516,1,0.0374,0.201,0.00806,0.152,0.663,132.77,4
52,20OFwXhEXf12DzwXmaV7fj,Bad Moon Rising,Creedence Clearwater Revival,Green River (Expanded Edition),3IYUhFvPQItj6xySrBmZkd,83,141600,False,0.508,0.774,2,-5.973,1,0.0321,0.0586,4.87e-06,0.063,0.942,178.946,4
53,56dtB7EzO7EneUgYwX8krC,Up Around The Bend,Creedence Clearwater Revival,Cosmo's Factory,3IYUhFvPQItj6xySrBmZkd,75,159172,False,0.606,0.908,2,-5.736,1,0.037,0.00532,0.823,0.245,0.773,130.12,4
54,6pxWv6GV35VGmcPf5dh6CH,Proud Mary,Creedence Clearwater Revival,Bayou Country (Expanded Edition),3IYUhFvPQItj6xySrBmZkd,76,187213,False,0.699,0.641,2,-7.564,1,0.0289,0.13,0.000218,0.0601,0.728,120.745,4
55,2gE95JskwQ1pCACTpGe1Db,Down On The Corner,Creedence Clearwater Revival,Willy And The Poor Boys (Expanded Edition),3IYUhFvPQItj6xySrBmZkd,76,166280,False,0.858,0.544,0,-9.289,1,0.0751,0.583,0.00109,0.0707,0.874,108.217,4
56,11DjZQEZ69EXLo77HVj6yW,Green River,Creedence Clearwater Revival,Green River (Expanded Edition),3IYUhFvPQItj6xySrBmZkd,75,154120,False,0.702,0.772,9,-9.677,1,0.0277,0.0312,0.00837,0.0809,0.973,141.694,4
57,2ciMJGCDW70hqq18Vgui68,Who'll Stop The Rain,Creedence Clearwater Revival,Cosmo's Factory,3IYUhFvPQItj6xySrBmZkd,74,147279,False,0.627,0.873,7,-5.415,1,0.0311,0.00804,0.000583,0.0555,0.628,123.113,4
58,1YqJSpIxdavjQ8BxAttU0r,Lookin' Out My Back Door,Creedence Clearwater Revival,Cosmo's Factory,3IYUhFvPQItj6xySrBmZkd,74,152466,False,0.773,0.756,10,-5.149,1,0.0388,0.159,0.00236,0.0805,0.912,105.322,4
59,5VfgDw3oOzcNoszDwkLQhH,Run Through The Jungle,Creedence Clearwater Revival,Cosmo's Factory,3IYUhFvPQItj6xySrBmZkd,70,185106,False,0.638,0.756,7,-5.916,1,0.0483,0.0157,0.176,0.0958,0.837,136.557,4
60,318S9DRPOPYHK3xnJwo1U6,Wave,Gal Costa,Rio Revisited,1b8kpp4DUwt1hWaxTiWQhD,37,170680,False,0.563,0.324,9,-18.129,0,0.0364,0.576,0,0.965,0.618,144.151,4
61,6sKopGG4r21ObTE8V6pD6x,Força Estranha,Gal Costa,Gal Tropical,1b8kpp4DUwt1hWaxTiWQhD,57,214693,False,0.6,0.12,7,-12.805,1,0.0502,0.87,0,0.088,0.439,60.761,3
62,5YctcwZCRMxlIHDpTuqKOE,Baby - Ao Vivo,Gal Costa,Baby (Ao Vivo),1b8kpp4DUwt1hWaxTiWQhD,57,187178,False,0.495,0.306,9,-11.173,0,0.0303,0.777,0,0.887,0.356,108.416,4
63,0C13P4IghHNFPjt4zIJ8vX,Baby,Gal Costa,Gal Costa,1b8kpp4DUwt1hWaxTiWQhD,55,212933,False,0.356,0.272,2,-13.263,1,0.0368,0.508,2.02e-05,0.263,0.509,113.345,4
64,2vlaOc3YYt7WLYIYxoJgYB,Você Não Entende Nada,Gal Costa,Divino Maravilhoso - Gal Costa Interpreta Caetano Veloso,1b8kpp4DUwt1hWaxTiWQhD,54,230493,False,0.51,0.76,11,-9.037,1,0.0478,0.695,1.24e-05,0.0756,0.837,150.152,4
65,78I8jaChZbPu72bIGGPMKk,Lágrimas Negras,Gal Costa,Cantar,1b8kpp4DUwt1hWaxTiWQhD,54,215440,False,0.472,0.0322,9,-22.076,0,0.0378,0.979,0.00288,0.111,0.138,90.205,4
66,50c0knPGjaJAuE4hRg28Qq,Quando Você Olha Pra Ela,Gal Costa,Gal Estratosférica,1b8kpp4DUwt1hWaxTiWQhD,54,267266,False,0.761,0.59,10,-10.274,1,0.0449,0.454,0.00933,0.0926,0.895,158.053,4
67,1WhWizm70M63k5UVIHX1Fe,Palavras No Corpo,Gal Costa,A Pele do Futuro,1b8kpp4DUwt1hWaxTiWQhD,47,239560,False,0.564,0.416,10,-6.813,1,0.0423,0.554,0.00145,0.11,0.344,179.728,3
68,4OID5ZgFFWJzAH5jdetEAn,Corcovado - Live,Gal Costa,Rio Revisited,1b8kpp4DUwt1hWaxTiWQhD,53,188080,False,0.452,0.182,0,-21.331,1,0.0499,0.837,0.000182,0.973,0.248,130.993,4
69,1wuB9MID26ep43OlkOtBXd,Que Pena (Ele Já Não Gosta Mais De Mim),Gal Costa,Gal Costa,1b8kpp4DUwt1hWaxTiWQhD,52,214933,False,0.542,0.443,9,-13.246,1,0.0416,0.339,0.000199,0.382,0.932,87.254,4
70,3hbTkJ0yFzHbawnKyhvTQj,Sálvame,RBD,Rebelde,7cjh6y0V9SsyCrWSXTzwOs,75,224973,False,0.473,0.657,6,-6.278,1,0.024,0.0454,2.41e-06,0.068,0.294,74.996,4
71,2RJ1fg4qf2vgZKifTa4HgA,Sólo Quédate En Silencio,RBD,Rebelde,7cjh6y0V9SsyCrWSXTzwOs,71,219520,False,0.464,0.775,7,-4.838,1,0.0313,0.203,0,0.0478,0.672,184.089,4
72,0bMVCO35RJiUhAfvFsLjIF,Este Corazón,RBD,Nuestro Amor,7cjh6y0V9SsyCrWSXTzwOs,70,210440,False,0.497,0.619,7,-4.811,1,0.0322,0.47,0,0.0708,0.756,159.996,4
73,1AO5MeGsWdPLejY47pnYYy,Tras De Mí,RBD,Nuestro Amor,7cjh6y0V9SsyCrWSXTzwOs,69,192320,False,0.64,0.931,0,-3.437,0,0.0852,0.0172,0,0.248,0.851,115.036,4
74,5sgvzXoYFCr5F5tUZdAA20,Ser O Parecer,RBD,Celestial,7cjh6y0V9SsyCrWSXTzwOs,66,211466,False,0.605,0.88,1,-3.747,1,0.14,0.263,0,0.2,0.908,176.028,4
75,3eo3Dw5OGSWCzJDVHLKE3v,Enséñame,RBD,Rebelde,7cjh6y0V9SsyCrWSXTzwOs,64,221853,False,0.68,0.796,2,-5.884,1,0.0588,0.385,0,0.375,0.624,80.945,4
76,6fqpsCQ7jF7OgQolXgYovX,Aún Hay Algo,RBD,Nuestro Amor,7cjh6y0V9SsyCrWSXTzwOs,64,214933,False,0.611,0.82,4,-2.784,1,0.0316,0.0084,0,0.107,0.786,94.981,4
77,56tOMi4N980gmsdUoyaLb3,Rebelde,RBD,Rebelde,7cjh6y0V9SsyCrWSXTzwOs,63,214306,False,0.671,0.782,7,-6.498,1,0.047,0.0122,0,0.525,0.62,95.011,4
78,7F7qwp7VZRVwZsNoddRRgX,Nuestro Amor,RBD,Nuestro Amor,7cjh6y0V9SsyCrWSXTzwOs,63,215746,False,0.541,0.769,4,-6.253,1,0.0339,0.0556,1.54e-05,0.17,0.382,129.971,4
79,3gQm8QtxHR8pnMxykb1HHH,S.H.E.A,RBD,S.H.E.A,7cjh6y0V9SsyCrWSXTzwOs,62,190760,False,0.523,0.751,8,-5.371,1,0.0499,0.0625,0,0.142,0.377,167.876,4
80,0NZPBYD5qbEWRs3PrGiRkT,Unholy (feat. Kim Petras),Kim Petras,Gloria,3Xt3RrJMFv5SZkCfUE8C1J,85,156943,False,0.712,0.463,2,-7.399,1,0.0797,0.011,2.96e-06,0.301,0.206,131.199,4
81,7kOletJ0Q5H4MWe7cfeZXP,Alone (with Nicki Minaj),Kim Petras,Alone,3Xt3RrJMFv5SZkCfUE8C1J,81,185113,True,0.681,0.513,3,-6.643,0,0.0388,0.069,0,0.125,0.167,136.985,4
82,2Jn3wcH9TSCFMQjlWreTft,Unholy (feat. Kim Petras) - ACRAZE Remix,Kim Petras,Unholy (feat. Kim Petras) [ACRAZE Remix],3Xt3RrJMFv5SZkCfUE8C1J,71,176500,False,0.743,0.893,1,-5.261,1,0.129,0.00284,0.000369,0.113,0.369,130.072,4
83,0dlP9SnqQa5k1A9mReybFb,Treat Me Like A Slut,Kim Petras,Slut Pop,3Xt3RrJMFv5SZkCfUE8C1J,70,118153,True,0.914,0.696,11,-4.482,0,0.134,0.00225,7.97e-05,0.0979,0.572,130.028,4
84,27mMvmKRyrsz7i2cfTMgSQ,They Wanna Fuck,Kim Petras,Slut Pop,3Xt3RrJMFv5SZkCfUE8C1J,67,150000,True,0.963,0.516,7,-4.001,1,0.293,0.117,0.000125,0.127,0.655,127.995,4
85,4y5CHkxTCrgi5coGEAMfMc,Unholy (feat. Kim Petras) - Disclosure Remix,Kim Petras,Unholy (feat. Kim Petras) [ACRAZE Remix],3Xt3RrJMFv5SZkCfUE8C1J,55,234411,False,0.742,0.778,1,-6.762,1,0.0505,0.00495,0.00754,0.343,0.171,128.014,4
86,7t9gDWqX10tbhtriPR1Cnd,Can't Do Better,Kim Petras,Can't Do Better,3Xt3RrJMFv5SZkCfUE8C1J,65,188616,False,0.473,0.655,7,-5.144,1,0.0373,0.069,1.12e-06,0.144,0.295,131.975,4
87,3qGHAKgjQruzj6doKkyEb5,Unlock it (Lock It) - feat. Kim Petras and Jay Park,Kim Petras,Pop 2,3Xt3RrJMFv5SZkCfUE8C1J,64,232933,True,0.504,0.711,9,-5.864,1,0.0452,0.0585,1.83e-05,0.382,0.5,134.824,4
88,63ehxyfRWRnMPE0yItoWFo,Made You Look (feat. Kim Petras),Kim Petras,Takin' It Back (Deluxe),3Xt3RrJMFv5SZkCfUE8C1J,60,147497,False,0.812,0.52,10,-2.986,1,0.0817,0.305,0,0.0753,0.804,145.033,4
89,71yN0yrHej3jhKXewbmtEh,Coconuts,Kim Petras,Coconuts,3Xt3RrJMFv5SZkCfUE8C1J,62,168559,False,0.728,0.863,2,-4.67,0,0.0675,0.0139,0.000259,0.167,0.489,111.972,4
90,39cmB3ZoTOLwOTq7tMNqKa,Hear Me Now,Bruno Martini,Hear Me Now (feat. Zeeba),5veVxxPm1vzgi6pO2iVA8L,77,194840,False,0.778,0.463,11,-7.603,1,0.0389,0.546,0.00289,0.0731,0.496,121.999,4
91,1yzBGun3xDY7WpHOIP9nNp,Never Let Me Go,Bruno Martini,Never Let Me Go,5veVxxPm1vzgi6pO2iVA8L,66,184070,False,0.726,0.835,0,-3.914,1,0.0341,0.041,9.45e-06,0.068,0.579,123.986,4
92,5sjvZiR2SjOGJimYmHXfzd,Sou Teu Fã,Bruno Martini,Sou Teu Fã,5veVxxPm1vzgi6pO2iVA8L,64,170956,False,0.777,0.659,2,-5.908,1,0.0309,0.115,0,0.0624,0.465,125.078,4
93,5UOBna7TimaJuyxB8Dg2jI,Morena,Bruno Martini,Adrenalizou,5veVxxPm1vzgi6pO2iVA8L,63,164560,False,0.574,0.713,0,-4.517,0,0.244,0.0859,0,0.116,0.436,83.363,4
94,2JpTwRVXioTZSdizBGAhUH,Sun Goes Down,Bruno Martini,Sun Goes Down,5veVxxPm1vzgi6pO2iVA8L,61,203586,False,0.838,0.752,8,-5.434,0,0.034,0.389,0.00113,0.0822,0.901,121.958,4
95,1KNdRjaR4U7MgTLAk7GTzH,Summer Thing,Bruno Martini,Summer Thing (Cat Dealers Remix),5veVxxPm1vzgi6pO2iVA8L,27,149487,False,0.768,0.649,0,-8.508,0,0.0304,0.107,0.0202,0.133,0.36,122.009,4
96,3Fq1tzIgvxTm0pRcqVbsRy,Save Me,Bruno Martini,Save Me,5veVxxPm1vzgi6pO2iVA8L,54,160429,False,0.744,0.695,6,-7.628,0,0.0377,0.209,0.000316,0.251,0.285,128.031,4
97,5pHzIjrVsV1GG3E1G0fsWU,Gone Too Long,Bruno Martini,Gone Too Long,5veVxxPm1vzgi6pO2iVA8L,53,191086,False,0.632,0.803,10,-5.77,0,0.125,0.00742,1.08e-05,0.404,0.434,123.999,4
98,43WYPxyEfIxlIjNlxQGYzc,Cry About It Later (feat. Luísa Sonza & Bruno Martini),Bruno Martini,Cry About It Later (feat. Luísa Sonza & Bruno Martini),5veVxxPm1vzgi6pO2iVA8L,53,159285,False,0.676,0.794,2,-4.78,0,0.0366,0.0513,0.000392,0.0723,0.161,125.957,4
99,3yfwJsEbNeAI0YbsQydMdP,Breaking Me - Bruno Martini Remix,Bruno Martini,Breaking Me (Remixes),5veVxxPm1vzgi6pO2iVA8L,48,194010,False,0.707,0.87,8,-5.09,0,0.0535,0.0455,7.05e-06,0.321,0.557,125.009,4
100,0h4JWWKniTEevP1lWecOau,Nosso Amor Quer Paz - Ao Vivo,Marvvila,Nosso Amor Quer Paz (Ao Vivo),0pC5o5Jo4P8uNn2SSNmpXz,48,174285,False,0.564,0.612,2,-6.456,1,0.0332,0.616,0,0.874,0.624,143.752,4
101,3DT6PksB7jmHufnbDwgHnu,A Pagodeira - Ao Vivo,Marvvila,Marvvila na Área (Ao Vivo),0pC5o5Jo4P8uNn2SSNmpXz,54,215196,False,0.603,0.764,5,-7.097,0,0.0553,0.738,0,0.976,0.926,82.923,4
102,6qITMbvJsUCRbSplE6Ca9B,Coisas do Amor - Ao Vivo,Marvvila,TDP20 - Nossa História (Ao Vivo),0pC5o5Jo4P8uNn2SSNmpXz,55,219628,False,0.545,0.714,1,-6.295,0,0.0733,0.643,0,0.515,0.776,147.844,4
103,4soVnFUDnqQ61kyjW2zwTm,Maliciosa,Marvvila,Maliciosa,0pC5o5Jo4P8uNn2SSNmpXz,59,166322,False,0.699,0.715,9,-7.893,1,0.0983,0.496,0,0.0793,0.752,98.027,4
104,49cQG4KjGXlgN5ICgyrdaH,Quando É Amor / Temporal / Meu Jeito de Amar,Marvvila,Respeita Minha História 2,0pC5o5Jo4P8uNn2SSNmpXz,53,274313,False,0.346,0.648,0,-7.775,1,0.0405,0.746,0,0.134,0.659,163.982,4
105,7x3EVCXx9KyrC3LKxOYrkY,Vendaval - Ao Vivo,Marvvila,Marvvila na Área (Ao Vivo),0pC5o5Jo4P8uNn2SSNmpXz,49,233236,False,0.587,0.683,9,-6.064,1,0.0344,0.804,0,0.166,0.599,140.028,4
106,5eWmziahHxcsUxVEjYLmml,Dona de Mim - TikTok Mix,Marvvila,Dona de Mim (TikTok Mix),0pC5o5Jo4P8uNn2SSNmpXz,48,258919,False,0.504,0.763,0,-6.326,1,0.238,0.406,0,0.337,0.436,84.822,4
107,4ptSFMTxfftuYjxTUSF4QU,Primeiro Encontro,Marvvila,Primeiro Encontro,0pC5o5Jo4P8uNn2SSNmpXz,47,190005,False,0.594,0.776,7,-6.217,1,0.0316,0.627,0,0.35,0.661,148.022,4
108,3GLpIUWDgAecg0LCHz1r0m,Convite - Ao Vivo,Marvvila,Marvvila na Área (Ao Vivo),0pC5o5Jo4P8uNn2SSNmpXz,46,197454,False,0.521,0.649,8,-8.189,1,0.0285,0.764,0,0.433,0.688,140.067,4
109,7L8el2whAetFXY6Zs2dph2,Quando Fui Chuva / Fim de Tarde / Palpite - Ao Vivo,Marvvila,Marvvila na Área (Ao Vivo),0pC5o5Jo4P8uNn2SSNmpXz,47,302727,False,0.318,0.567,4,-7.576,0,0.0383,0.51,0,0.99,0.439,81.819,4
110,1gUwi1o1S9W9P0FQgJdY8s,TRUSTFALL,P!nk,TRUSTFALL,1KCSPY1glIKqW2TotWuXOR,77,237200,False,0.636,0.888,8,-3.889,1,0.0945,0.00162,0.000216,0.147,0.25,122.032,4
111,1mKXFLRA179hdOWQBwUk9e,Just Give Me a Reason (feat. Nate Ruess),P!nk,The Truth About Love,1KCSPY1glIKqW2TotWuXOR,83,242733,False,0.778,0.547,2,-7.273,1,0.0489,0.346,0.000302,0.132,0.441,95.002,4
112,5E6bTiJ2rB18M1DNqkm1V4,Never Gonna Not Dance Again,P!nk,TRUSTFALL,1KCSPY1glIKqW2TotWuXOR,74,225789,True,0.668,0.802,5,-4.005,0,0.0917,0.0273,0,0.163,0.769,113.796,4
113,1gv4xPanImH17bKZ9rOveR,Raise Your Glass,P!nk,Raise Your Glass,1KCSPY1glIKqW2TotWuXOR,80,202960,True,0.7,0.709,7,-5.006,1,0.0838,0.0048,0,0.029,0.624,122.019,4
114,1jF7IL57ayN4Ity3jQqGu0,Try,P!nk,The Truth About Love,1KCSPY1glIKqW2TotWuXOR,80,247906,False,0.674,0.628,2,-7.079,1,0.03,0.00144,0,0.0944,0.552,103.998,4
115,0JiY190vktuhSGN6aqJdrt,So What,P!nk,Funhouse (Expanded Edition),1KCSPY1glIKqW2TotWuXOR,79,215160,True,0.534,0.87,11,-3.078,0,0.0425,0.000334,0,0.241,0.462,126.019,4
116,0Qh38w01QRXK6KHIv0e3hb,What About Us,P!nk,Beautiful Trauma,1KCSPY1glIKqW2TotWuXOR,77,269600,False,0.491,0.588,1,-6.177,1,0.0506,0.0281,2.01e-06,0.0906,0.193,113.608,4
117,0UKUfxIkDAMZz7hMdiVX3m,Cover Me In Sunshine,P!nk,All I Know So Far: Setlist,1KCSPY1glIKqW2TotWuXOR,68,138573,False,0.473,0.592,5,-6.859,1,0.138,0.0528,0,0.131,0.292,159.7,4
118,3ueoTboomKEQpI3r9z47Kg,F**kin' Perfect - Radio Edit,P!nk,F**kin' Perfect (Radio Edit),1KCSPY1glIKqW2TotWuXOR,70,213720,False,0.561,0.653,7,-4.918,1,0.0349,0.0418,0,0.347,0.496,91.961,4
119,2hns6Dv29Yrg68AVTJiAyA,Who Knew,P!nk,I'm Not Dead,1KCSPY1glIKqW2TotWuXOR,76,208493,False,0.688,0.734,9,-4.569,1,0.0274,0.00462,0,0.0756,0.46,140.004,4
120,4lbPwb1Beo7JU2VwuJRTeR,Suíte 14 (feat. Mc Guimê) - Ao Vivo,Henrique & Diego,Tempo Certo (Ao Vivo em Campo Grande),1D6vAeVUcgMbSx80IA3Zun,64,178066,False,0.676,0.935,1,-4.487,1,0.113,0.178,0,0.839,0.593,102.075,4
121,1qIjSljXkRpv4MyVEQ2tEW,Por você eu bebo o mar de canudinho,Henrique & Diego,Por você eu bebo o mar de canudinho,1D6vAeVUcgMbSx80IA3Zun,62,157058,False,0.807,0.779,11,-4.764,1,0.0387,0.571,0,0.0376,0.831,135.913,4
122,6gquljDBW7rE6mCBzmTRxo,Raspão (feat. Simone & Simaria) - Ao Vivo,Henrique & Diego,De Braços Abertos (Ao Vivo),1D6vAeVUcgMbSx80IA3Zun,61,192946,False,0.598,0.885,7,-3.383,1,0.0509,0.255,0,0.965,0.648,113.919,4
123,5SnQDj5REQVvAdSlhqkEcE,Malbec (Part. DENNIS) (feat. DENNIS) - Ao Vivo,Henrique & Diego,De Braços Abertos (Ao Vivo),1D6vAeVUcgMbSx80IA3Zun,47,213600,False,0.702,0.957,4,-2.974,0,0.0887,0.419,0,0.945,0.819,129.043,4
124,6czcgwoY6kerruUTpB39X3,Com Você - Ao Vivo,Henrique & Diego,"Henrique & Diego ""Ao Vivo em Campo Grande""",1D6vAeVUcgMbSx80IA3Zun,54,180480,False,0.594,0.612,7,-5.704,1,0.0307,0.797,0,0.852,0.425,135.846,4
125,7wPXn0y3HWTYjJph5raP9b,Festa Boa (feat. Gusttavo Lima) - Ao Vivo,Henrique & Diego,"Henrique & Diego ""Ao Vivo em Campo Grande""",1D6vAeVUcgMbSx80IA3Zun,54,156973,False,0.643,0.977,2,-3.165,1,0.0396,0.53,0,0.203,0.967,149.992,4
126,0QiQ1fWh17PMSuOoMMI8YN,Esqueci Você - Ao Vivo,Henrique & Diego,Tempo Certo (Ao Vivo em Campo Grande),1D6vAeVUcgMbSx80IA3Zun,54,188360,False,0.619,0.836,10,-5.481,0,0.0431,0.242,0,0.976,0.722,105.129,4
127,3G6C4i21Bdf3FMcfH9HPo7,Vira Nada,Henrique & Diego,Vira Nada,1D6vAeVUcgMbSx80IA3Zun,52,145392,False,0.58,0.83,5,-3.8,0,0.0766,0.324,0,0.372,0.887,154.009,4
128,1i7zBfdk7u7xmNtSt99Yzc,Zuar e Beber - Ao Vivo,Henrique & Diego,"Henrique & Diego ""Ao Vivo em Campo Grande""",1D6vAeVUcgMbSx80IA3Zun,51,179133,False,0.661,0.985,0,-2.142,1,0.0987,0.203,0,0.363,0.602,123.016,4
129,4mtHXZBOBMrZSI6jp3X9WJ,Espelho Meu - Ao Vivo,Henrique & Diego,Henrique & Diego (Ao Vivo),1D6vAeVUcgMbSx80IA3Zun,44,161152,False,0.521,0.918,6,-3.414,0,0.0867,0.203,0,0.579,0.683,185.995,4
130,2hvpRKeyFQtB4a5aV9YvfV,Beleza Exótica,Raffa Moreira,Beleza Exótica,4xUawweuqhjMvoScRGbveR,58,157225,False,0.74,0.638,10,-5.524,0,0.406,0.451,0,0.107,0.511,154.2,4
131,5Pdxr5nCZ7tbwUkJxHh2Or,PRESENÇA VIP 2,Raffa Moreira,Trap The Fato,4xUawweuqhjMvoScRGbveR,54,276224,True,0.768,0.676,9,-6.705,1,0.183,0.00192,3.48e-06,0.21,0.248,147.075,4
132,7jEkiCgPlphewSHnYhbB8Z,SE EU ABRIR MINHA SHOULDER,Raffa Moreira,SHH..,4xUawweuqhjMvoScRGbveR,54,195946,True,0.68,0.563,6,-6.486,0,0.0787,0.534,0,0.104,0.669,135.982,4
133,2xL3RwPPAapupdJh7NbChJ,Fashion Nova,Raffa Moreira,Beleza Exótica,4xUawweuqhjMvoScRGbveR,52,159850,True,0.836,0.645,9,-6.521,0,0.128,0.189,0,0.175,0.296,133.908,4
134,5vJcMOvHec5xRJrvo1MK2r,10K,Raffa Moreira,10K,4xUawweuqhjMvoScRGbveR,52,143020,True,0.824,0.428,9,-8.314,0,0.183,0.393,0,0.0915,0.566,148.008,4
135,2NeCzvtURdGehud3qHsvaF,Motor,Raffa Moreira,Motor,4xUawweuqhjMvoScRGbveR,48,158932,True,0.593,0.613,6,-7.514,1,0.212,0.0579,0,0.0816,0.356,74.036,4
136,7DoeVIOZEq4kfpf63Ovb2z,Nikeboy 2,Raffa Moreira,Nikeboy 2,4xUawweuqhjMvoScRGbveR,48,176656,True,0.565,0.743,2,-4.537,1,0.158,0.171,0,0.111,0.365,113.107,4
137,468SIlfMZECCn3rmXSMy8Q,Páginas,Raffa Moreira,Beleza Exótica,4xUawweuqhjMvoScRGbveR,43,158593,False,0.636,0.725,2,-5.809,1,0.058,0.229,0,0.105,0.433,79.883,4
138,3ULRBFm7dTiZoSyKCAjobv,Multiplicação,Raffa Moreira,Beleza Exótica,4xUawweuqhjMvoScRGbveR,42,135223,True,0.791,0.561,1,-8.198,1,0.236,0.2,1.51e-05,0.0662,0.451,133.878,4
139,2JKPozwLre1RNfmciWvtKu,Planos Gigantes,Raffa Moreira,Beleza Exótica,4xUawweuqhjMvoScRGbveR,41,161118,False,0.685,0.606,5,-9.057,0,0.0656,0.0121,0.000549,0.179,0.454,142.996,4
140,2o3NKh8bYMKSkJmBTQo5B5,Primeiro Lugar do Pódio,Mu540,Primeiro Lugar do Pódio,13yQqjPy4Esq0Ru3R1fipU,64,123515,False,0.775,0.553,10,-7.447,1,0.227,0.615,0,0.094,0.708,140.119,4
141,0d16iGBlngyLHsldWzvahM,BRAZIL,Mu540,BRAZIL,13yQqjPy4Esq0Ru3R1fipU,60,124564,False,0.83,0.783,9,-6.563,1,0.286,0.313,0,0.288,0.776,144.979,4
142,1BvHPr0BvtUwtnpARfRXqs,Evoque,Mu540,Evoque,13yQqjPy4Esq0Ru3R1fipU,60,123733,True,0.573,0.798,6,-5.786,1,0.477,0.323,1.26e-06,0.199,0.835,97.586,5
143,1BNxzMUjlKaRLxrUkHIVfo,brinks!,Mu540,brinks!,13yQqjPy4Esq0Ru3R1fipU,59,148000,True,0.931,0.898,10,-3.616,1,0.5,0.646,0,0.0806,0.885,130.041,4
144,5DOiUXc9O3XsATTOWLgKDy,Menor Magrinho,Mu540,Menor Magrinho,13yQqjPy4Esq0Ru3R1fipU,58,152169,True,0.92,0.546,9,-10.626,0,0.357,0.179,0,0.0835,0.765,139.979,4
145,50b6kNVPLNIx9opvb76dk1,TANG,Mu540,TANG,13yQqjPy4Esq0Ru3R1fipU,57,182850,False,0.874,0.621,6,-4.081,1,0.336,0.0494,0,0.0944,0.665,130.067,4
146,0Ucfvc8PrQ09RvPRW0GCj6,Jeito Bandida,Mu540,Jeito Bandida,13yQqjPy4Esq0Ru3R1fipU,57,199726,False,0.791,0.541,1,-10.266,0,0.277,0.28,0,0.0839,0.464,137.111,4
147,66fVMFVA9WGRtwLCaF93U5,Baby Cê é Gata,Mu540,Dias Antes de Mandrake,13yQqjPy4Esq0Ru3R1fipU,53,118976,True,0.88,0.807,1,-2.965,1,0.291,0.377,0,0.0553,0.578,129.939,4
148,7JCYpS37lArb06CkmpVyAs,Nós é Ruim e o Cabelo Ajuda,Mu540,Dias Antes de Mandrake,13yQqjPy4Esq0Ru3R1fipU,47,155942,True,0.572,0.323,4,-13.473,0,0.493,0.61,0,0.21,0.491,129.077,4
149,4IVbbHg8tOBMx0ltNwGXFQ,Mini Game,Mu540,Mini Game,13yQqjPy4Esq0Ru3R1fipU,54,138855,False,0.716,0.726,9,-5.735,1,0.302,0.0857,0,0.521,0.749,142.145,4
150,7yq4Qj7cqayVTp3FF9CWbm,Riptide,Vance Joy,Dream Your Life Away,10exVja0key0uqUkk6LJRT,85,204280,False,0.484,0.731,1,-6.694,1,0.0379,0.431,0,0.151,0.51,101.654,4
151,2vB9ME0oZwfTGAUMC71CaT,Missing Piece,Vance Joy,In Our Own Sweet Time,10exVja0key0uqUkk6LJRT,68,215840,False,0.632,0.863,0,-5.21,1,0.0446,0.0449,1.01e-06,0.13,0.731,101.976,4
152,7BVwi9cIzSc6tpyxsp47vJ,Mess Is Mine,Vance Joy,Dream Your Life Away,10exVja0key0uqUkk6LJRT,67,223640,False,0.595,0.723,7,-8.256,1,0.0349,0.047,0.0286,0.0995,0.272,108.043,1
153,2RiBogNRfulkNf7fVbPOrJ,Saturday Sun,Vance Joy,Nation of Two,10exVja0key0uqUkk6LJRT,72,214720,False,0.637,0.864,8,-4.381,1,0.0468,0.484,0,0.222,0.706,99.995,4
154,6Fha6tXHkL3r9m9nNqQG8p,Georgia,Vance Joy,Dream Your Life Away,10exVja0key0uqUkk6LJRT,64,230506,False,0.388,0.66,11,-7.372,1,0.0308,0.312,0.000307,0.0943,0.401,143.554,4
155,6liNJDyWJjyHAgDnAX95bw,Fire and the Flood,Vance Joy,Dream Your Life Away (Special Edition),10exVja0key0uqUkk6LJRT,70,249382,False,0.596,0.827,5,-4.402,1,0.0372,0.0242,0,0.0958,0.329,115.034,4
156,21DuXS5wpeO1z0dp445bop,Clarity,Vance Joy,In Our Own Sweet Time,10exVja0key0uqUkk6LJRT,60,227240,False,0.552,0.873,0,-6.065,1,0.0464,0.00137,0.000273,0.0966,0.62,125.059,4
157,6Qwuw0eOeszVlewLpu24gR,I'm with You,Vance Joy,Nation of Two,10exVja0key0uqUkk6LJRT,67,239786,False,0.657,0.396,7,-9.255,1,0.0293,0.805,1.58e-06,0.103,0.115,110.003,3
158,2TZKvEQyTtcXLBfAk7kt8n,Everybody Needs Someone (feat. Vance Joy),Vance Joy,Everybody Needs Someone (feat. Vance Joy),10exVja0key0uqUkk6LJRT,68,178819,False,0.489,0.607,2,-7.146,1,0.0417,0.569,6.55e-05,0.119,0.285,104.186,4
159,3wCk9LASPqyp2VovekThtF,You (with Marshmello & Vance Joy),Vance Joy,FRIENDS KEEP SECRETS 2,10exVja0key0uqUkk6LJRT,58,169094,False,0.667,0.572,11,-6.416,1,0.041,0.054,2.01e-06,0.109,0.272,103.077,4
160,5GNT8tXCqPop8K4t3hvVaH,De Love,Pelé MilFlows,De Love,4WbHbolEKZIhnkO2xv2Lm0,64,187421,False,0.616,0.723,0,-6.744,0,0.0335,0.231,0,0.188,0.449,95.071,4
161,6hiKXxS7pgPKnKfCU7UJ6O,Vem Cá,Pelé MilFlows,Vem Cá,4WbHbolEKZIhnkO2xv2Lm0,70,166692,False,0.753,0.395,4,-8.19,1,0.133,0.525,0,0.181,0.724,80.959,4
162,3ygC2hretKPC6JAYtpXF7m,Duro Igual Concreto,Pelé MilFlows,Duro Igual Concreto,4WbHbolEKZIhnkO2xv2Lm0,40,305844,True,0.711,0.876,7,-6.576,0,0.213,0.188,0,0.175,0.59,115.063,4
163,6wqRHXRG301Xedy3wBCCwo,Sensação,Pelé MilFlows,Sensação,4WbHbolEKZIhnkO2xv2Lm0,52,272004,False,0.842,0.441,2,-10.548,0,0.106,0.53,0,0.192,0.722,128.028,4
164,0LkUf43tCGdwUVBuAssdVD,Relação,Pelé MilFlows,Relação,4WbHbolEKZIhnkO2xv2Lm0,43,184697,False,0.612,0.66,9,-9.016,0,0.119,0.348,0,0.101,0.686,86.061,4
165,1ci86TE1xpQ3ytmaOzDJ0l,Radin (Rasta Beats Jam II),Pelé MilFlows,Radin (Rasta Beats Jam II),4WbHbolEKZIhnkO2xv2Lm0,44,269837,False,0.696,0.34,9,-13.334,0,0.183,0.367,0,0.0679,0.435,127.811,4
166,506LRr3SmNRIyP4ShHifJ5,Maluquin,Pelé MilFlows,Maluquin,4WbHbolEKZIhnkO2xv2Lm0,47,148800,False,0.622,0.678,5,-4.487,0,0.178,0.231,0,0.105,0.716,66.043,3
167,0GaDlSqPS775myNtwwYNaU,Vem Cá,Pelé MilFlows,Vem Cá,4WbHbolEKZIhnkO2xv2Lm0,46,167407,False,0.759,0.635,11,-5.737,1,0.251,0.732,0,0.475,0.485,80.978,4
168,1tqo1Adl9oUzgs4lvalJkU,O Final,Pelé MilFlows,O Final,4WbHbolEKZIhnkO2xv2Lm0,46,192989,False,0.708,0.271,8,-12.135,0,0.0324,0.808,0,0.117,0.381,97.004,4
169,1M4q8oK4PlvHBvzgKs6e8O,Nao Sei Mais,Pelé MilFlows,Nao Sei Mais,4WbHbolEKZIhnkO2xv2Lm0,45,145185,False,0.51,0.759,6,-4.404,0,0.153,0.244,0,0.202,0.861,79.291,4
170,3HWBHERbMiilhipGquIuuE,Vibe Zabuza,MHRAP,Vibe Zabuza,7w4W5Yr7oTBAqhglv0IP87,59,215839,True,0.804,0.804,3,-2.591,0,0.245,0.675,0,0.068,0.851,140.094,4
171,45vigZiVUySqgsMXqxhtvp,Tipo Tobi,MHRAP,Tipo Tobi,7w4W5Yr7oTBAqhglv0IP87,58,204448,True,0.613,0.653,1,-9.2,1,0.0829,0.239,0,0.114,0.557,162.123,4
172,1vX0KmArqxz2b0ByQQp81H,Tipo Hashirama,MHRAP,Tipo Hashirama,7w4W5Yr7oTBAqhglv0IP87,56,189477,True,0.647,0.773,8,-6.215,1,0.242,0.0959,0,0.0995,0.441,152.001,4
173,3njxGUCNJwcYw5ngNbTvRu,Lobo da Morte,MHRAP,Lobo da Morte,7w4W5Yr7oTBAqhglv0IP87,54,209902,True,0.772,0.552,7,-8.528,1,0.269,0.114,0,0.104,0.413,134.114,4
174,0DtKh0asU6ClaS1ScspBKW,Tipo Minato,MHRAP,Tipo Minato,7w4W5Yr7oTBAqhglv0IP87,54,192676,False,0.802,0.716,1,-3.787,1,0.312,0.673,0,0.2,0.394,141.876,4
175,6PoHGkWg6VR2xXnKdMPMkn,Tipo Kisame,MHRAP,Tipo Kisame,7w4W5Yr7oTBAqhglv0IP87,54,191222,True,0.871,0.721,10,-4.188,0,0.143,0.652,0,0.203,0.414,130.14,4
176,6yOdCgJryTz7Qu4FrJLCIl,Vibe Yondaime,MHRAP,Vibe Yondaime,7w4W5Yr7oTBAqhglv0IP87,53,188158,True,0.739,0.489,0,-10.446,0,0.0483,0.342,0,0.104,0.18,125.041,4
177,5hCDTT4ktsufr8I3BMNYBI,Vibe Animes 2,MHRAP,Vibe Animes 2,7w4W5Yr7oTBAqhglv0IP87,53,181912,True,0.567,0.839,8,-5.126,0,0.0517,0.0347,0,0.154,0.513,179.058,4
178,4dmCXfDP4alC1JfQM3XB2h,Tipo Tobirama,MHRAP,Tipo Tobirama,7w4W5Yr7oTBAqhglv0IP87,51,160810,True,0.804,0.715,1,-5.469,1,0.0699,0.21,0,0.139,0.294,130.056,4
179,4nqvl1yLuiGO5C6TtwbKhS,Tipo Narutin,MHRAP,Tipo Narutin,7w4W5Yr7oTBAqhglv0IP87,51,188834,True,0.652,0.862,7,-6.739,1,0.179,0.165,0,0.108,0.808,157.84,4
180,503OTo2dSqe7qk76rgsbep,Still D.R.E.,Dr. Dre,2001,6DPYiyq5kWVQS4RGwxzPC7,85,270586,True,0.816,0.775,11,-3.323,1,0.234,0.16,0.00031,0.0543,0.527,93.431,4
181,4LwU4Vp6od3Sb08CsP99GC,The Next Episode,Dr. Dre,2001,6DPYiyq5kWVQS4RGwxzPC7,83,161506,True,0.922,0.909,10,-2.429,0,0.27,0.0281,0,0.0856,0.309,95.295,4
182,7iXF2W9vKmDoGAhlHdpyIa,Forgot About Dre,Dr. Dre,2001,6DPYiyq5kWVQS4RGwxzPC7,81,222293,True,0.924,0.74,8,-1.299,1,0.0774,0.0827,0,0.163,0.621,133.974,4
183,5Tbpp3OLLClPJF8t1DmrFD,"Nuthin' But A ""G"" Thang",Dr. Dre,The Chronic,6DPYiyq5kWVQS4RGwxzPC7,80,237573,True,0.669,0.821,11,-4.37,0,0.29,0.00182,0,0.147,0.684,94.895,4
184,1SWVDBtw6h3tm9OehOkDhv,What's The Difference,Dr. Dre,2001,6DPYiyq5kWVQS4RGwxzPC7,77,244200,True,0.772,0.821,11,-0.14,0,0.25,0.223,0,0.148,0.77,91.921,4
185,1rylJ0VXvhOzLGNm401iaI,Keep Their Heads Ringin',Dr. Dre,Keep Their Heads Ringin',6DPYiyq5kWVQS4RGwxzPC7,71,310226,True,0.671,0.737,0,-5.131,1,0.108,0.0338,0.00344,0.0596,0.197,90.519,4
186,0Ed7MeXx64f6OcIuoTRCg1,Xxplosive,Dr. Dre,2001,6DPYiyq5kWVQS4RGwxzPC7,73,215200,True,0.765,0.88,1,-4.361,1,0.116,0.176,1e-05,0.139,0.929,168.96,4
187,70ATm56tH7OrQ1zurYssz0,I Need A Doctor,Dr. Dre,I Need A Doctor,6DPYiyq5kWVQS4RGwxzPC7,72,283733,True,0.594,0.946,3,-4.521,1,0.452,0.0869,0,0.306,0.397,155.826,4
188,1iQ5E4z6CJ38dIzvMI9Wdo,The Watcher,Dr. Dre,2001,6DPYiyq5kWVQS4RGwxzPC7,71,206546,True,0.939,0.486,7,-3.488,1,0.207,0.172,0,0.264,0.517,97.582,4
189,21NA5Zggba7pyACm25h6k4,Fuck Wit Dre Day (And Everybody's Celebratin'),Dr. Dre,The Chronic,6DPYiyq5kWVQS4RGwxzPC7,69,291053,True,0.587,0.858,6,-3.516,1,0.225,0.0419,0,0.322,0.527,93.855,4
190,6CgNoAbFJ4Q4Id4EjtbXlC,Photograph,Boyce Avenue,"Cover Sessions, Vol. 4",7CQwac16i1W5ej8YpuL3dv,67,260186,False,0.717,0.32,3,-8.393,1,0.0283,0.83,0,0.107,0.322,107.946,4
191,6owKuyHxUqidcAA6fPKSyy,We Can't Stop,Boyce Avenue,"Cover Sessions, Vol. 3",7CQwac16i1W5ej8YpuL3dv,65,222146,False,0.705,0.347,2,-8.249,1,0.0301,0.674,0,0.12,0.36,80.057,4
192,210JCw2LbYD4YIs8GiZ9iP,Demons,Boyce Avenue,"Cover Sessions, Vol. 3",7CQwac16i1W5ej8YpuL3dv,63,174174,False,0.678,0.351,0,-8.654,1,0.0266,0.747,0,0.355,0.569,90.032,4
193,3g61xRaqII8q1wlQDzv550,Beautiful Soul,Boyce Avenue,"Cover Sessions, Vol. 4",7CQwac16i1W5ej8YpuL3dv,63,216612,False,0.483,0.506,9,-6.058,1,0.0347,0.394,0,0.0946,0.705,87.337,4
194,1EyvonxK8OGHRV4WDRdArc,Can You Feel the Love Tonight,Boyce Avenue,Can You Feel the Love Tonight,7CQwac16i1W5ej8YpuL3dv,63,250916,False,0.452,0.198,10,-9.374,1,0.0335,0.931,2.24e-06,0.1,0.217,119.499,4
195,63wsZUhUZLlh1OsyrZq7sz,Fast Car,Boyce Avenue,"Cover Sessions, Vol. 2",7CQwac16i1W5ej8YpuL3dv,61,304293,False,0.392,0.251,10,-9.845,1,0.0363,0.807,0,0.0797,0.508,204.961,4
196,068qo0w1Ki0cjnFYOUhAm2,Stand by Me,Boyce Avenue,Stand by Me,7CQwac16i1W5ej8YpuL3dv,61,199019,False,0.728,0.266,8,-7.322,1,0.0293,0.872,1.03e-05,0.114,0.307,115.189,4
197,2EKxmYmUdAVXlaHCnnW13o,Heaven,Boyce Avenue,"Cover Sessions, Vol. 2",7CQwac16i1W5ej8YpuL3dv,60,250063,False,0.619,0.28,8,-10.238,0,0.0317,0.73,0,0.103,0.292,129.948,4
198,5pq4v03P5PxMcnCagg4S3Z,In Case You Didn’t Know,Boyce Avenue,"Cover Sessions, Vol. 4",7CQwac16i1W5ej8YpuL3dv,60,225165,False,0.633,0.299,11,-7.798,1,0.0353,0.833,0,0.109,0.341,147.549,4
199,37bc0lXXN8Udi7IPwL58Hn,Time After Time,Boyce Avenue,"Cover Sessions, Vol. 4",7CQwac16i1W5ej8YpuL3dv,59,222250,False,0.313,0.321,8,-8.713,1,0.0352,0.746,0,0.0948,0.243,53.845,4
200,0sTEUNuhl7f77EqolDIPh7,Depende,Dj Guuga,Depende,1cNPXWhKfjI0fT5EMCnamR,65,156922,False,0.887,0.91,2,-1.866,0,0.0641,0.122,0,0.0755,0.825,130.016,4
201,1HJU78CRk4vxvjE5Cs1BCt,Vidrado Em Você,Dj Guuga,Vidrado Em Você,1cNPXWhKfjI0fT5EMCnamR,61,134769,False,0.844,0.925,2,0.303,1,0.1,0.14,7.67e-06,0.109,0.589,159.929,4
202,4wQUopWk9Ed7Ng5qpKN5qd,"Volta Bebê, Volta Neném",Dj Guuga,"Volta Bebê, Volta Neném",1cNPXWhKfjI0fT5EMCnamR,59,172972,False,0.583,0.918,6,-3.612,1,0.0518,0.288,0,0.0701,0.836,164.081,4
203,1f2ETfkMwP1wvXgl4vvAlX,Helicóptero,Dj Guuga,Helicóptero,1cNPXWhKfjI0fT5EMCnamR,59,157648,True,0.722,0.935,9,-0.442,0,0.388,0.113,0,0.127,0.764,159.772,4
204,3CQzjk1ai3fz4lMJSHd30L,Fez assim Fiu Fiu,Dj Guuga,Fez assim Fiu Fiu,1cNPXWhKfjI0fT5EMCnamR,54,135000,True,0.858,0.778,1,-1.021,1,0.075,0.328,8.73e-05,0.106,0.783,79.987,4
205,5izDMFw5DIJsRb8wEukIYK,Intenso boom boom ( Acompanha o Grave ),Dj Guuga,Dj Guuga 2019,1cNPXWhKfjI0fT5EMCnamR,56,120061,False,0.864,0.939,6,-1.122,0,0.185,0.312,0.702,0.169,0.373,79.454,4
206,34jFy6TOKwOcTUKr3neqZc,Forró com Rave,Dj Guuga,Forró com Rave,1cNPXWhKfjI0fT5EMCnamR,55,161812,True,0.746,0.887,11,-5.139,0,0.0399,0.32,0,0.293,0.961,160.054,4
207,3O4NXf8YVcSRbRXLFvGyjw,Funk do Pai,Dj Guuga,O Som do Bbq,1cNPXWhKfjI0fT5EMCnamR,54,133469,False,0.718,0.904,3,-2.16,0,0.0634,0.59,0,0.0811,0.721,131.888,4
208,3EDQpONz72G41gfMdq3SlR,Alerta Alerta,Dj Guuga,Alerta Alerta,1cNPXWhKfjI0fT5EMCnamR,54,196654,True,0.499,0.91,0,-2.807,0,0.269,0.173,0.000449,0.354,0.238,82.464,4
209,2gowXETWL6ATUu7xIF0IMI,No Escurinho,Dj Guuga,No Escurinho,1cNPXWhKfjI0fT5EMCnamR,54,149032,True,0.906,0.886,2,-2.694,1,0.0491,0.314,3.28e-05,0.322,0.962,123.991,4
210,5wG3HvLhF6Y5KTGlK0IW3J,Trance (with Travis Scott & Young Thug),Young Thug,HEROES & VILLAINS,50co4Is1HCEo8bhOyUWKpn,90,194786,True,0.571,0.549,1,-7.38,0,0.404,0.18,0,0.168,0.447,119.497,4
211,0k1WUmIRnG3xU6fvvDVfRG,Way 2 Sexy (with Future & Young Thug),Young Thug,Certified Lover Boy,50co4Is1HCEo8bhOyUWKpn,78,257604,True,0.803,0.597,11,-6.035,0,0.141,0.000619,4.5e-06,0.323,0.331,136.008,4
212,1IIKrJVP1C9N7iPtG6eOsK,Go Crazy,Young Thug,Slime & B,50co4Is1HCEo8bhOyUWKpn,78,176960,True,0.755,0.578,0,-8.932,0,0.145,0.316,0,0.25,0.581,94.148,4
213,4GXl8l1MfZPf2GvpyRPJBf,pick up the phone,Young Thug,pick up the phone,50co4Is1HCEo8bhOyUWKpn,72,252262,True,0.706,0.716,7,-4.263,0,0.0768,0.115,0,0.316,0.459,136.904,4
214,2VtgzixdB967bHDNu5A1nh,Metro Spider (with Young Thug),Young Thug,HEROES & VILLAINS,50co4Is1HCEo8bhOyUWKpn,75,174560,True,0.709,0.734,1,-5.027,1,0.125,0.0411,0,0.346,0.245,143.087,4
215,3h8tI65xdfpQyTAy7Grqwa,Potion (with Dua Lipa & Young Thug),Young Thug,Funk Wav Bounces Vol. 2,50co4Is1HCEo8bhOyUWKpn,66,215215,True,0.824,0.697,11,-4.869,0,0.0473,0.158,4.11e-05,0.0751,0.757,99.987,4
216,4ea9w8c4ROqiZpJVhfBA3m,Hot (Remix) [feat. Gunna and Travis Scott],Young Thug,So Much Fun (Deluxe),50co4Is1HCEo8bhOyUWKpn,73,279906,True,0.845,0.631,7,-8.206,0,0.216,0.188,0,0.0806,0.545,111.983,4
217,3s4mrPrEFFPF0LmAfutW0n,The London (feat. J. Cole & Travis Scott),Young Thug,So Much Fun,50co4Is1HCEo8bhOyUWKpn,69,200186,True,0.784,0.517,4,-8.981,0,0.209,0.0249,1.44e-06,0.155,0.206,97.991,4
218,6rTInqW3YECMkQsBEHw4sd,Solid (feat. Drake),Young Thug,Slime Language 2,50co4Is1HCEo8bhOyUWKpn,74,215693,True,0.887,0.485,11,-9.358,0,0.2,0.0392,0,0.141,0.328,125.987,4
219,5Z8HZM6iQMhhqyPcCGY5g9,Hot (feat. Gunna),Young Thug,So Much Fun,50co4Is1HCEo8bhOyUWKpn,73,193026,True,0.855,0.651,0,-8.044,0,0.235,0.063,0,0.0772,0.559,111.997,4
220,0VhG6qzFZo9JrHu56Wq7gh,* da Anitta,Paiva Prod,* da Anitta,1T0F05F7TEo6QYr4vtGJdb,73,140100,True,0.811,0.638,1,-7.274,1,0.0837,0.0737,0,0.33,0.758,100.043,4
221,4oH03lpFiysmcWex1AyddD,Me Negaram Amor,Paiva Prod,Me Negaram Amor,1T0F05F7TEo6QYr4vtGJdb,60,288000,False,0.517,0.46,8,-11.733,0,0.328,0.689,0,0.0717,0.534,94.985,4
222,3IlV0oQTh8DrBp38CVJ91p,Tapa,Paiva Prod,ÉTPM?!,1T0F05F7TEo6QYr4vtGJdb,51,159010,False,0.807,0.557,10,-7.215,0,0.0696,0.0225,0,0.0862,0.341,79.977,4
223,3G79AJm9H5lKnngSgBT21L,Ela Tá Que Tá,Paiva Prod,Ela Tá Que Tá,1T0F05F7TEo6QYr4vtGJdb,47,206829,True,0.75,0.418,0,-10.011,1,0.0496,0.128,0,0.128,0.253,123.007,4
224,6PCV5jgA8wBLvGIWbJR7la,Cifrão,Paiva Prod,Joias do Bairro,1T0F05F7TEo6QYr4vtGJdb,44,178175,True,0.526,0.601,2,-7.26,0,0.434,0.48,0,0.111,0.76,119.921,5
225,4vSQiyuTOUHvKM043BGqa4,Eu Tenho Drip,Paiva Prod,Eu Tenho Drip,1T0F05F7TEo6QYr4vtGJdb,44,99605,True,0.884,0.401,9,-10.136,1,0.072,0.251,1.43e-05,0.497,0.479,122.0,4
226,4d8FiRf83bWZk7EZpEE1GA,Sejas Bem Feliz,Paiva Prod,Sejas Bem Feliz,1T0F05F7TEo6QYr4vtGJdb,40,202434,False,0.644,0.219,9,-14.797,0,0.0719,0.432,0,0.0994,0.159,114.867,4
227,5yXjOmgTVSE3zXP1B3WP4F,Praya,Paiva Prod,Praya,1T0F05F7TEo6QYr4vtGJdb,40,165973,True,0.933,0.662,9,-8.096,0,0.0997,0.274,0,0.0845,0.872,122.062,4
228,2cAsgavVid3IoFYfiUgHzi,Fé,Paiva Prod,Do Caos ao Nirvana,1T0F05F7TEo6QYr4vtGJdb,39,225000,False,0.805,0.303,2,-12.18,0,0.164,0.493,0,0.0948,0.522,128.005,4
229,2iFG2rANNj7cbebbhKqAv3,No Cais,Paiva Prod,Do Caos ao Nirvana,1T0F05F7TEo6QYr4vtGJdb,38,208695,False,0.699,0.405,11,-11.143,0,0.124,0.571,0,0.0622,0.351,91.885,4
230,11jGPID89nljt5OdP1hoxQ,3AM (PXT4 RASA),Sotam,3AM (PXT4 RASA),0xKbHuoAoxvPu5uGax4d9l,74,122048,True,0.883,0.469,2,-8.653,1,0.394,0.695,2.76e-06,0.156,0.602,130.05,4
231,6crPfYeErp8nLWJruIn9Uj,100%,Sotam,100%,0xKbHuoAoxvPu5uGax4d9l,58,118153,False,0.811,0.411,0,-8.25,1,0.198,0.188,0,0.0933,0.558,129.918,4
232,0niFRLaq6SNmy6PThNORj0,3AM (PXT4 RASA) - Remix,Sotam,3AM (PXT4 RASA) [Remix],0xKbHuoAoxvPu5uGax4d9l,57,122192,True,0.854,0.516,0,-8.647,0,0.54,0.636,0,0.0901,0.458,130.035,4
233,4YgiUcXdg5QQlabdnGgpQe,Sobe Desce,Sotam,Sobe Desce,0xKbHuoAoxvPu5uGax4d9l,53,200191,True,0.714,0.145,5,-18.472,0,0.0732,0.881,0.00077,0.111,0.418,125.093,4
234,5nXF7EEK5IPLmYfGveV5Ie,de volta ao início,Sotam,de volta ao início,0xKbHuoAoxvPu5uGax4d9l,51,149161,True,0.734,0.415,11,-8.758,1,0.451,0.14,1.91e-05,0.135,0.493,80.33,3
235,4Izfv7QS5PDxmmj49xPd4N,CRUPIÊ,Sotam,CRUPIÊ,0xKbHuoAoxvPu5uGax4d9l,51,157750,True,0.705,0.339,4,-11.382,0,0.41,0.752,5.51e-05,0.137,0.557,80.036,4
236,4YGbjYQw8FedY7qrXp2hv1,202 - Remix,Sotam,202 (Remix),0xKbHuoAoxvPu5uGax4d9l,50,154221,True,0.642,0.543,4,-7.502,0,0.322,0.71,0.000102,0.121,0.854,144.215,4
237,5QktZkEF05IKtlfDQ89kLh,UH LALA,Sotam,UH LALA,0xKbHuoAoxvPu5uGax4d9l,48,173141,True,0.654,0.443,8,-9.912,0,0.368,0.755,1.32e-06,0.239,0.877,97.444,4
238,0ktKLa4sJ9Jc7AVUXeBvkd,Encaixa,Sotam,Até o Próximo Carnaval,0xKbHuoAoxvPu5uGax4d9l,47,128000,False,0.862,0.412,5,-6.903,1,0.125,0.394,0.00777,0.191,0.727,105.011,4
239,4VxNDfNfU2C0XigRKpSDLV,Ginasta,Sotam,Ginasta,0xKbHuoAoxvPu5uGax4d9l,45,197203,True,0.822,0.455,4,-8.905,0,0.191,0.55,0,0.089,0.429,117.959,4
240,0GjEhVFGZW8afUYGChu3Rr,Dancing Queen,ABBA,Arrival,0LcJLqbBmaGUft1e9Mm8HV,85,230400,False,0.543,0.87,9,-6.514,1,0.0428,0.358,0.000939,0.792,0.754,100.804,4
241,3vkQ5DAB1qQMYO4Mr9zJN6,Gimme! Gimme! Gimme! (A Man After Midnight),ABBA,Voulez-Vous,0LcJLqbBmaGUft1e9Mm8HV,83,292613,False,0.749,0.491,10,-9.655,1,0.0403,0.02,0.00899,0.159,0.536,119.528,4
242,4euAGZTszWPrriggYK0HG9,Lay All Your Love On Me,ABBA,Super Trouper,0LcJLqbBmaGUft1e9Mm8HV,78,274466,False,0.678,0.727,2,-7.844,0,0.0258,0.117,0.00396,0.354,0.71,133.481,4
243,2TxCwUlqaOH3TIyJqGgR91,Mamma Mia,ABBA,Abba,0LcJLqbBmaGUft1e9Mm8HV,80,213266,False,0.749,0.748,2,-7.011,1,0.0323,0.295,0.000443,0.469,0.827,137.547,4
244,3lKN03PDeBnXZS7sDukRBt,"Money, Money, Money",ABBA,Arrival,0LcJLqbBmaGUft1e9Mm8HV,75,186426,False,0.787,0.704,9,-6.873,0,0.0385,0.535,0.00305,0.089,0.646,120.701,4
245,5BckPAYcKEJuYs1eV1BHHe,Take A Chance On Me,ABBA,The Album,0LcJLqbBmaGUft1e9Mm8HV,77,243933,False,0.684,0.675,11,-8.123,1,0.0257,0.163,0,0.242,0.924,107.064,4
246,3Dy4REq8O09IlgiwuHQ3sk,Waterloo,ABBA,Waterloo,0LcJLqbBmaGUft1e9Mm8HV,76,168960,False,0.445,0.949,2,-4.682,1,0.0471,0.395,8.18e-06,0.0902,0.653,147.604,4
247,3oEkrIfXfSh9zGnE7eBzSV,The Winner Takes It All,ABBA,Super Trouper,0LcJLqbBmaGUft1e9Mm8HV,76,294720,False,0.454,0.788,6,-6.748,1,0.0371,0.574,0.000766,0.0859,0.52,126.15,4
248,7rWgGyRK7RAqAAXy4bLft9,Angeleyes,ABBA,Voulez-Vous,0LcJLqbBmaGUft1e9Mm8HV,76,260893,False,0.719,0.922,11,-6.091,1,0.0338,0.523,0.000163,0.0867,0.964,133.113,4
249,762B4bOcXF7I2Y8UlKTyTy,Chiquitita,ABBA,Voulez-Vous,0LcJLqbBmaGUft1e9Mm8HV,75,326320,False,0.5,0.554,9,-8.108,1,0.0354,0.734,3.72e-06,0.312,0.372,84.229,4
250,6b37xrsNCWYIUphFBazqD6,Me Gustas Tu,Manu Chao,Próxima Estación: Esperanza,6wH6iStAh4KIaWfuhf0NYM,85,239986,False,0.657,0.741,11,-6.822,0,0.0825,0.663,0.494,0.222,0.908,175.949,4
251,00SmB7n85SKROGjybsyq5i,Bongo Bong,Manu Chao,Clandestino,6wH6iStAh4KIaWfuhf0NYM,73,158426,False,0.755,0.545,9,-10.027,0,0.0646,0.944,0.000118,0.144,0.964,149.807,4
252,1H0i9N9bFrYfNThZkjCaLe,Me Gustas Tu - Sped Up Version,Manu Chao,Me Gustas Tu,6wH6iStAh4KIaWfuhf0NYM,70,221185,False,0.745,0.784,10,-6.504,0,0.101,0.56,0.391,0.0986,0.782,95.549,4
253,51R2M1JgyFfRS3e6v5wCt3,Clandestino,Manu Chao,Clandestino,6wH6iStAh4KIaWfuhf0NYM,68,149173,False,0.68,0.594,6,-6.417,0,0.0688,0.469,0,0.431,0.774,85.04,4
254,7Deb4scGmEv4fY2CZcVnSb,Je ne t'aime plus,Manu Chao,Clandestino,6wH6iStAh4KIaWfuhf0NYM,67,122760,False,0.649,0.438,9,-12.859,0,0.0357,0.911,0.759,0.136,0.932,149.897,4
255,2jG2P21A1c45YU0Z1euaNB,Me Duele,Manu Chao,Me Duele,6wH6iStAh4KIaWfuhf0NYM,64,196733,False,0.59,0.877,9,-4.19,0,0.0391,0.364,0.357,0.0362,0.919,99.979,4
256,5Hc7O2dX51NI4YcHPuoOpw,Desaparecido,Manu Chao,Clandestino,6wH6iStAh4KIaWfuhf0NYM,62,227160,False,0.591,0.627,9,-6.903,0,0.0935,0.669,0,0.127,0.741,191.944,4
257,4EMJ0OvlQ0AeYx9Y72QiP4,Me Llaman Calle,Manu Chao,La Radiolina,6wH6iStAh4KIaWfuhf0NYM,61,194373,False,0.644,0.753,4,-8.296,0,0.192,0.0393,0,0.145,0.884,94.011,4
258,3NHuU6OLvSu77HMYXV93l4,La Primavera,Manu Chao,Próxima Estación: Esperanza,6wH6iStAh4KIaWfuhf0NYM,60,112533,False,0.564,0.609,11,-8.26,0,0.0865,0.709,0.00829,0.535,0.813,175.791,4
259,6P74cWuc5hPhCZB5yuSZsH,Minha galera,Manu Chao,Clandestino,6wH6iStAh4KIaWfuhf0NYM,59,141720,False,0.871,0.452,4,-8.883,1,0.0472,0.875,0,0.135,0.651,130.083,4
260,4L9XGAYgA3Q04qecyjV7iB,Estou Apaixonado - Ao Vivo,João Neto & Frederico,Daniel 40 Anos: Celebra João Paulo & Daniel (Ao Vivo),2FrLTuXGuFDzQsjKidB03W,63,283733,False,0.395,0.751,0,-5.505,1,0.0447,0.294,0,0.714,0.32,111.864,4
261,6gvbCeTRMMnclKs1xsZtZe,Vem De Love Eu Vou De Block - Ao Vivo,João Neto & Frederico,João Neto & Frederico 25 Anos Ao Vivo (Wesley Safadão),2FrLTuXGuFDzQsjKidB03W,65,154107,False,0.761,0.955,11,-3.761,0,0.0513,0.476,0,0.833,0.96,149.985,4
262,3UNPSQenO21HNuj4Z6wcUB,Escolta - Ao Vivo,João Neto & Frederico,No Sentimento Do Álcool (Ao Vivo),2FrLTuXGuFDzQsjKidB03W,41,153754,False,0.582,0.854,10,-4.281,1,0.0526,0.349,0,0.915,0.554,111.077,4
263,5BTqZsL4WBrMDZoKQLVMY6,Tá Combinado - Ao Vivo,João Neto & Frederico,Ao Vivo Em Palmas,2FrLTuXGuFDzQsjKidB03W,24,197996,False,0.622,0.879,11,-9.069,0,0.0608,0.121,4.72e-06,0.312,0.447,109.99,4
264,6XJzuSDy41ZdBXI2cX2nyH,Porque Que Eu Fui Te Amar Assim - Ao Vivo,João Neto & Frederico,Daniel 40 Anos: Celebra João Paulo & Daniel (Ao Vivo),2FrLTuXGuFDzQsjKidB03W,47,255989,False,0.625,0.867,4,-4.465,1,0.039,0.281,0,0.98,0.498,114.049,4
265,7MSpOxPbBUAfXAQSdvQMub,Crime Perfeito,João Neto & Frederico,Indecifrável,2FrLTuXGuFDzQsjKidB03W,51,192506,False,0.644,0.88,2,-3.053,1,0.084,0.472,0,0.428,0.621,150.075,4
266,5KdoOTkgI2EHQWbVjzJkc0,Cê Vai Voltar De Novo - Ao Vivo,João Neto & Frederico,No Sentimento Do Álcool (Ao Vivo),2FrLTuXGuFDzQsjKidB03W,50,169973,False,0.722,0.87,10,-4.361,0,0.0358,0.352,0,0.773,0.699,115.952,4
267,2Hlibgf6TaN2SGlShk139t,Lê Lê Lê - Ao Vivo,João Neto & Frederico,Ao Vivo Em Palmas,2FrLTuXGuFDzQsjKidB03W,25,159508,False,0.665,0.935,9,-8.059,0,0.0461,0.179,2.59e-06,0.816,0.772,109.975,4
268,3KFrcVSO9nVTVFq8TAULXJ,Clichê (feat. Jorge & Mateus),João Neto & Frederico,Indecifrável,2FrLTuXGuFDzQsjKidB03W,49,199373,False,0.539,0.805,10,-3.506,1,0.0427,0.36,0,0.161,0.55,180.004,4
269,0ihMkv4Usn03EEEF8Rlw22,Rapariga Não - Ao Vivo,João Neto & Frederico,Em Sintonia (Ao Vivo) - Deluxe,2FrLTuXGuFDzQsjKidB03W,48,163450,False,0.708,0.936,5,-1.734,0,0.0953,0.389,0,0.883,0.71,126.001,4
270,1b0qrz3GCfvlpo05Dso8Re,Pé Na Areia,Diogo Nogueira,Pé Na Areia (Ao Vivo),57xRtfFlssbpntpRQOBodd,65,220866,False,0.687,0.635,2,-5.936,1,0.0495,0.647,0,0.127,0.717,158.011,4
271,7lzfMZak2HjNPXXSxksjPB,Camarão Que Dorme a Onda Leva,Diogo Nogueira,"Sambabook Zeca Pagodinho, Vol. 2",57xRtfFlssbpntpRQOBodd,64,168948,False,0.723,0.694,0,-6.694,1,0.0802,0.313,0,0.052,0.739,106.359,4
272,5Ikos3uiBfPYAf7EZfz8t3,Sonho Meu,Diogo Nogueira,"Sambabook Dona Ivone Lara, Vol. 2",57xRtfFlssbpntpRQOBodd,62,228132,False,0.596,0.451,5,-9.468,1,0.0404,0.64,3.52e-06,0.158,0.486,148.045,4
273,4fBWyVB41exWYPZyqMvDFa,Vou Festejar,Diogo Nogueira,"Sambabook Jorge Aragão, Vol.1",57xRtfFlssbpntpRQOBodd,35,199560,False,0.46,0.615,11,-9.581,0,0.0857,0.495,0,0.119,0.823,97.982,3
274,5IiqKPucgFCmLTb5p584dd,Pé Na Areia - Ao Vivo,Diogo Nogueira,Alma Brasileira (Ao Vivo / Edição Especial),57xRtfFlssbpntpRQOBodd,59,216839,False,0.613,0.764,2,-5.997,1,0.0409,0.647,0,0.505,0.64,158.025,4
275,4Y4FWLKtPzbXBOlvKgsK6T,Clareou,Diogo Nogueira,Porta-Voz Da Alegria,57xRtfFlssbpntpRQOBodd,56,230452,False,0.699,0.447,0,-10.392,1,0.0469,0.63,0,0.108,0.68,99.049,4
276,6NV8IxFmG9cPtnZqQwulAy,Clube do Samba,Diogo Nogueira,"Sambabook João Nogueira, 2",57xRtfFlssbpntpRQOBodd,56,278853,False,0.614,0.749,11,-9.502,0,0.283,0.375,0,0.666,0.78,105.169,4
277,4j0JOQJkDnO0mYXpt7n62e,Clareou - Ao Vivo,Diogo Nogueira,Alma Brasileira (Ao Vivo / Edição Especial),57xRtfFlssbpntpRQOBodd,54,221466,False,0.587,0.64,0,-8.266,1,0.0337,0.757,1.44e-06,0.22,0.598,102.388,4
278,0fz1d9rPbAuxbqvzUpW31K,"Canta, Canta Minha Gente",Diogo Nogueira,Sambabook: Martinho da Vila,57xRtfFlssbpntpRQOBodd,52,188440,False,0.762,0.579,11,-10.026,0,0.249,0.45,0,0.11,0.917,92.098,4
279,1eCKA5PhiNHJ5YSUIf3Ewc,"Verdade Chinesa - Ao Vivo Em Teatro Karl Marx,Cuba/2011",Diogo Nogueira,Diogo Nogueira Ao Vivo Em Cuba,57xRtfFlssbpntpRQOBodd,50,214413,False,0.604,0.649,7,-10.396,1,0.0685,0.598,0,0.446,0.628,154.404,4
280,6CGMZijOAZvTXG21T8t6R0,Innerbloom,RÜFÜS DU SOL,Bloom,5Pb27ujIyYb33zBqVysBkj,76,578040,False,0.729,0.72,3,-6.692,1,0.037,0.126,0.347,0.178,0.0389,122.011,4
281,5HGxLtYxTriF7mMiriSpaz,You Were Right,RÜFÜS DU SOL,Bloom,5Pb27ujIyYb33zBqVysBkj,74,239417,False,0.708,0.793,5,-5.426,0,0.0342,0.0136,0.00221,0.118,0.734,122.006,4
282,2ouFrmMwYik8nQX2n9SeZu,On My Knees,RÜFÜS DU SOL,Surrender,5Pb27ujIyYb33zBqVysBkj,69,261001,False,0.683,0.571,1,-7.721,1,0.0286,0.0335,0.0616,0.0957,0.29,120.044,4
283,5ZvHcR4OSwvEV5IhigbTOT,Underwater,RÜFÜS DU SOL,SOLACE,5Pb27ujIyYb33zBqVysBkj,68,349293,False,0.611,0.809,6,-6.63,0,0.0342,0.019,0.0185,0.114,0.428,118.003,4
284,0PHWXLXOQXGlyUGq7woVFZ,Sundream,RÜFÜS DU SOL,Atlas (Light / Dark Deluxe Edition),5Pb27ujIyYb33zBqVysBkj,65,275493,False,0.686,0.712,5,-7.58,0,0.0383,0.049,0.0042,0.368,0.247,121.966,4
285,46haIwbQpVUkpAQj9V84Gp,Next to Me,RÜFÜS DU SOL,Surrender,5Pb27ujIyYb33zBqVysBkj,65,314389,False,0.638,0.609,7,-7.332,1,0.0295,0.112,0.127,0.115,0.31,117.981,4
286,6rLQZW36LaEUGWl3sWTg7v,No Place,RÜFÜS DU SOL,SOLACE,5Pb27ujIyYb33zBqVysBkj,64,237986,False,0.612,0.876,4,-6.247,0,0.0315,0.0167,0.175,0.189,0.187,120.022,4
287,233AL29SR6QWnD7hu7ylbf,Innerbloom (Radio Edit),RÜFÜS DU SOL,Innerbloom (Radio Edit),5Pb27ujIyYb33zBqVysBkj,64,238067,False,0.572,0.698,3,-6.196,1,0.0327,0.21,0.131,0.106,0.0377,122.008,4
288,3B8Tx2eKzZ1u6bPnozOL1h,Treat You Better,RÜFÜS DU SOL,SOLACE,5Pb27ujIyYb33zBqVysBkj,63,273640,False,0.599,0.539,8,-5.897,1,0.034,0.356,5.38e-06,0.102,0.188,121.947,4
289,6dw1sbdCwW5sbsbcpq6QED,Like An Animal,RÜFÜS DU SOL,Bloom,5Pb27ujIyYb33zBqVysBkj,63,241580,False,0.71,0.748,9,-6.244,0,0.0305,0.0341,0.000105,0.0897,0.38,119.994,4
290,6L89mwZXSOwYl76YXfX13s,Basket Case,Green Day,Dookie,7oPftvlwr6VrsViSDV7fJY,83,181533,False,0.442,0.943,3,-3.205,1,0.0602,0.00293,8.71e-06,0.091,0.781,85.064,4
291,5GorCbAP4aL0EJ16frG2hd,Boulevard of Broken Dreams,Green Day,Greatest Hits: God's Favorite Band,7oPftvlwr6VrsViSDV7fJY,79,262333,True,0.496,0.682,8,-4.095,1,0.0294,0.00552,2.94e-05,0.0589,0.474,167.06,4
292,6nTiIhLmQ3FWhvrGafw2zj,American Idiot,Green Day,American Idiot,7oPftvlwr6VrsViSDV7fJY,81,176346,True,0.38,0.988,1,-2.042,1,0.0639,2.64e-05,7.86e-05,0.368,0.769,186.113,4
293,6ORqU0bHbVCRjXm9AjyHyZ,Good Riddance (Time of Your Life),Green Day,Nimrod,7oPftvlwr6VrsViSDV7fJY,80,153466,True,0.475,0.432,7,-7.844,1,0.0302,0.183,0,0.161,0.648,94.605,4
294,3ZffCQKLFLUvYM59XKLbVm,Wake Me up When September Ends,Green Day,American Idiot,7oPftvlwr6VrsViSDV7fJY,79,285653,False,0.546,0.814,7,-5.146,1,0.0314,0.023,0,0.0972,0.146,104.98,4
295,1Dr1fXbc2IxaK1Mu8P8Khz,When I Come Around,Green Day,Dookie,7oPftvlwr6VrsViSDV7fJY,78,178000,False,0.531,0.909,11,-4.236,1,0.034,0.0175,0,0.231,0.814,97.546,4
296,5vfjUAhefN7IjHbTvVCT4Z,Holiday,Green Day,Holiday,7oPftvlwr6VrsViSDV7fJY,74,233026,False,0.538,0.884,8,-3.251,1,0.031,0.000138,0,0.466,0.736,146.511,4
297,64yrDBpcdwEdNY9loyEGbX,21 Guns,Green Day,21st Century Breakdown,7oPftvlwr6VrsViSDV7fJY,76,321093,False,0.268,0.742,5,-4.939,1,0.0355,0.0518,0,0.626,0.416,159.779,4
298,0MsrWnxQZxPAcov7c74sSo,Holiday / Boulevard of Broken Dreams,Green Day,American Idiot,7oPftvlwr6VrsViSDV7fJY,72,493400,True,0.29,0.827,8,-3.451,1,0.0362,0.000659,2.55e-06,0.301,0.45,167.086,4
299,1nLnpLXvl68RZCSjfkyiaa,Brain Stew,Green Day,Insomniac,7oPftvlwr6VrsViSDV7fJY,73,193000,True,0.559,0.543,1,-5.429,1,0.302,0.00133,2e-05,0.0577,0.337,75.958,4
300,6HSXNV0b4M4cLJ7ljgVVeh,Knockin' On Heaven's Door,Bob Dylan,Pat Garrett & Billy The Kid (Soundtrack From The Motion Picture),74ASZWbe4lXaubB36ztrGX,76,149880,False,0.513,0.396,7,-13.061,1,0.0299,0.251,0.177,0.11,0.229,140.208,4
301,3AhXZa8sUQht0UEdBJgpGc,Like a Rolling Stone,Bob Dylan,Highway 61 Revisited,74ASZWbe4lXaubB36ztrGX,71,369600,False,0.482,0.721,0,-6.839,1,0.0321,0.731,0,0.189,0.557,95.263,4
302,18GiV1BaXzPVYpp9rmOg0E,Blowin' in the Wind,Bob Dylan,The Freewheelin' Bob Dylan,74ASZWbe4lXaubB36ztrGX,70,165426,False,0.38,0.0993,2,-20.567,1,0.0509,0.914,2.32e-05,0.0605,0.44,174.874,4
303,52vA3CYKZqZVdQnzRrdZt6,The Times They Are A-Changin',Bob Dylan,The Times They Are A-Changin',74ASZWbe4lXaubB36ztrGX,68,192053,False,0.389,0.396,7,-7.999,1,0.0332,0.887,0,0.0828,0.585,171.86,3
304,4K1imZQQ0yKtJ40vGmUajS,Girl from the North Country,Bob Dylan,Nashville Skyline,74ASZWbe4lXaubB36ztrGX,68,220400,False,0.607,0.142,7,-23.455,1,0.0382,0.843,0.000197,0.121,0.305,118.867,4
305,1lqMLr9Wj7SM2F9AikGcxN,Hurricane,Bob Dylan,Desire,74ASZWbe4lXaubB36ztrGX,68,512732,True,0.509,0.827,0,-7.715,1,0.0782,0.0409,0,0.12,0.743,135.601,4
306,2WOjLF83vqjit2Zh4B69V3,"Don't Think Twice, It's All Right",Bob Dylan,The Freewheelin' Bob Dylan,74ASZWbe4lXaubB36ztrGX,67,217400,False,0.6,0.243,4,-17.085,1,0.0366,0.89,0.0022,0.249,0.468,110.535,4
307,3RkQ3UwOyPqpIiIvGVewuU,Mr. Tambourine Man,Bob Dylan,Bringing It All Back Home,74ASZWbe4lXaubB36ztrGX,64,330533,False,0.39,0.31,5,-14.545,1,0.0676,0.794,0,0.379,0.584,177.515,4
308,4uYwlMp841PLJmj1gJJwIq,"Lay, Lady, Lay",Bob Dylan,Nashville Skyline,74ASZWbe4lXaubB36ztrGX,64,197093,False,0.52,0.179,11,-21.976,0,0.0454,0.356,0.00344,0.131,0.407,155.746,4
309,6Vcwr9tb3ZLO63F8DL8cqu,Tangled up in Blue,Bob Dylan,Blood On The Tracks,74ASZWbe4lXaubB36ztrGX,63,341626,False,0.421,0.661,9,-13.126,1,0.0433,0.414,1.16e-06,0.0962,0.554,100.965,4
310,5Odq8ohlgIbQKMZivbWkEo,Left and Right (Feat. Jung Kook of BTS),Charlie Puth,CHARLIE,6VuMaDnrHyPL1p4EHjYLi7,83,154486,False,0.881,0.592,2,-4.898,1,0.0324,0.619,1.32e-05,0.0901,0.719,101.058,4
311,06KyNuuMOX1ROXRhj787tj,We Don't Talk Anymore (feat. Selena Gomez),Charlie Puth,Nine Track Mind,6VuMaDnrHyPL1p4EHjYLi7,84,217706,False,0.728,0.563,1,-8.053,0,0.134,0.621,0,0.179,0.352,100.017,4
312,5cF0dROlMOK5uNZtivgu50,Attention,Charlie Puth,Voicenotes,6VuMaDnrHyPL1p4EHjYLi7,85,208786,False,0.775,0.613,3,-4.586,0,0.0542,0.109,2.33e-05,0.134,0.797,100.066,4
313,2JzZzZUQj3Qff7wapcbKjc,See You Again (feat. Charlie Puth),Charlie Puth,See You Again (feat. Charlie Puth),6VuMaDnrHyPL1p4EHjYLi7,84,229525,False,0.689,0.481,10,-7.503,1,0.0815,0.369,1.03e-06,0.0649,0.283,80.025,4
314,1jEBSDN5vYViJQr78W7jr2,Light Switch,Charlie Puth,CHARLIE,6VuMaDnrHyPL1p4EHjYLi7,81,187703,False,0.689,0.627,6,-5.692,1,0.308,0.105,0.000321,0.0905,0.905,184.008,4
315,28a0aMV1OKoyNiCJuNsWrY,That’s Not How This Works (feat. Dan + Shay),Charlie Puth,That’s Not How This Works (feat. Dan + Shay),6VuMaDnrHyPL1p4EHjYLi7,80,165619,False,0.584,0.576,9,-4.557,1,0.0519,0.507,0,0.212,0.432,170.026,4
316,0ClPIeT6MSgfSgQ9ZrJbAq,Cheating on You,Charlie Puth,Cheating on You,6VuMaDnrHyPL1p4EHjYLi7,79,196606,False,0.749,0.535,4,-6.785,1,0.0336,0.0131,3.65e-05,0.0982,0.601,123.042,4
317,3qonjOrhFCfTnaaMruHzxW,Dangerously,Charlie Puth,Nine Track Mind,6VuMaDnrHyPL1p4EHjYLi7,77,199133,False,0.696,0.517,2,-8.379,0,0.0366,0.364,0,0.197,0.23,112.291,3
318,37R0bQOQj5a7DOqh1TGzvB,One Call Away,Charlie Puth,Nine Track Mind,6VuMaDnrHyPL1p4EHjYLi7,76,194453,False,0.667,0.613,1,-5.353,1,0.0344,0.403,0,0.115,0.47,91.024,4
319,0wPKDeY4fZXT6k9bzV0kx0,That's Hilarious,Charlie Puth,CHARLIE,6VuMaDnrHyPL1p4EHjYLi7,76,144933,True,0.713,0.442,6,-5.909,1,0.0604,0.739,0,0.112,0.546,108.038,4
320,5IN9W6eUfk3014My9awagX,MOONLIGHT SUNRISE,TWICE,READY TO BE,7n2Ycct7Beij7Dj7meI4X0,74,180320,False,0.746,0.78,1,-3.279,1,0.0563,0.401,4.08e-06,0.0895,0.607,125.089,4
321,4OtVQ2ZxS7yigIjGz5yKg1,SET ME FREE,TWICE,READY TO BE,7n2Ycct7Beij7Dj7meI4X0,80,181680,False,0.756,0.831,5,-2.536,0,0.141,0.0966,0,0.0499,0.703,113.025,4
322,0RDqNCRBGrSegk16Avfzuq,Talk that Talk,TWICE,BETWEEN 1&2,7n2Ycct7Beij7Dj7meI4X0,78,177466,False,0.772,0.907,3,-2.438,0,0.124,0.136,0,0.334,0.783,119.973,4
323,308Ir17KlNdlrbVLHWhlLe,The Feels,TWICE,Formula of Love: O+T=<3,7n2Ycct7Beij7Dj7meI4X0,76,198053,False,0.808,0.903,9,-2.179,1,0.0729,0.0899,0,0.0816,0.922,120.044,4
324,3zhbXKFjUDw40pTYyCgt1Y,What is Love,TWICE,Summer Nights,7n2Ycct7Beij7Dj7meI4X0,77,208240,False,0.574,0.909,8,-1.573,1,0.0658,0.0987,0,0.264,0.569,169.966,4
325,2qQpFbqqkLOGySgNK8wBXt,FANCY,TWICE,FANCY YOU,7n2Ycct7Beij7Dj7meI4X0,76,213880,False,0.697,0.874,5,-2.15,0,0.0449,0.0122,0,0.627,0.775,132.018,4
326,37ZtpRBkHcaq6hHy0X98zn,I CAN'T STOP ME,TWICE,Eyes Wide Open,7n2Ycct7Beij7Dj7meI4X0,75,205493,False,0.657,0.88,10,-3.672,0,0.102,0.121,0,0.463,0.769,150.084,4
327,3Hz3tTQwOdM6XkA0ALB2G9,Feel Special,TWICE,Feel Special,7n2Ycct7Beij7Dj7meI4X0,74,206866,False,0.708,0.959,1,-1.338,1,0.0604,0.0296,0.00188,0.107,0.644,128.981,4
328,2xtP8RNbo2BEMzLX7tK7aq,CRY FOR ME,TWICE,CRY FOR ME,7n2Ycct7Beij7Dj7meI4X0,74,204167,False,0.702,0.692,10,-5.405,1,0.0539,0.0542,0,0.0877,0.419,144.896,4
329,0h3dJV8JA5oxPzSF4tkz2t,Hare Hare,TWICE,Hare Hare,7n2Ycct7Beij7Dj7meI4X0,75,203546,False,0.707,0.83,9,-5.331,0,0.0642,0.171,0,0.176,0.758,128.106,4
330,4RzFPIpnYo7vf0kQI8Gdg1,Cedo Ou Tarde,NX Zero,Agora,1A3dFCPF68vh5lyxzBqLUH,63,193466,False,0.594,0.924,10,-2.907,1,0.0269,0.336,0,0.277,0.416,107.258,4
331,0kpyiEcH82ni9TuuZYxKzL,Razões E Emoções,NX Zero,NX Zero,1A3dFCPF68vh5lyxzBqLUH,62,222400,False,0.58,0.931,3,-2.886,1,0.0313,0.0543,0.000116,0.309,0.432,124.097,4
332,5c8q5K1IqH9rEjLK2oupzX,Daqui Pra Frente,NX Zero,Agora,1A3dFCPF68vh5lyxzBqLUH,58,186533,False,0.549,0.926,5,-3.398,0,0.158,0.0819,0,0.571,0.872,175.047,4
333,1Rzi70QifTTM7TLyQJaraj,Ligação,NX Zero,Em Comum,1A3dFCPF68vh5lyxzBqLUH,57,213760,False,0.558,0.907,8,-2.491,0,0.0305,0.368,0,0.11,0.566,94.029,4
334,57VTvNTtWFJvy5WXM7VOTZ,Só Rezo,NX Zero,Sete Chaves,1A3dFCPF68vh5lyxzBqLUH,57,236786,False,0.564,0.983,5,-3.124,0,0.0489,0.0515,0.000272,0.107,0.456,91.659,4
335,0OQUxQwNFjkClshgwHmzNJ,Além De Mim,NX Zero,NX Zero,1A3dFCPF68vh5lyxzBqLUH,54,204293,False,0.439,0.985,8,-2.979,1,0.0882,0.00506,2.07e-05,0.259,0.559,180.04,4
336,2wnJb9am5Saf4jBBUcusqI,Onde Estiver,NX Zero,Projeto Paralelo,1A3dFCPF68vh5lyxzBqLUH,53,218480,False,0.717,0.929,11,-2.727,1,0.0302,0.0908,0,0.316,0.631,115.003,4
337,6OMeQ6Nu5ZAD5Ew6kIcFik,Cartas Pra Você,NX Zero,Agora,1A3dFCPF68vh5lyxzBqLUH,53,203840,False,0.53,0.329,4,-7.52,1,0.0272,0.639,0,0.198,0.236,129.448,4
338,2ZTuf3VIwB1EKuzwzFdJTT,Pela Última Vez,NX Zero,NX Zero,1A3dFCPF68vh5lyxzBqLUH,52,224200,False,0.634,0.939,8,-2.638,1,0.0428,0.0847,0,0.0776,0.638,124.974,4
339,7rVJVRNCAJkoQ2ta6E9fY2,Hoje O Céu Abriu,NX Zero,Em Comum,1A3dFCPF68vh5lyxzBqLUH,51,230773,False,0.56,0.918,6,-3.38,1,0.0344,0.1,1.07e-06,0.115,0.595,101.919,4
340,5GNT8tXCqPop8K4t3hvVaH,De Love,Pelé MilFlows,De Love,4WbHbolEKZIhnkO2xv2Lm0,64,187421,False,0.616,0.723,0,-6.744,0,0.0335,0.231,0,0.188,0.449,95.071,4
341,6hiKXxS7pgPKnKfCU7UJ6O,Vem Cá,Pelé MilFlows,Vem Cá,4WbHbolEKZIhnkO2xv2Lm0,70,166692,False,0.753,0.395,4,-8.19,1,0.133,0.525,0,0.181,0.724,80.959,4
342,3ygC2hretKPC6JAYtpXF7m,Duro Igual Concreto,Pelé MilFlows,Duro Igual Concreto,4WbHbolEKZIhnkO2xv2Lm0,40,305844,True,0.711,0.876,7,-6.576,0,0.213,0.188,0,0.175,0.59,115.063,4
343,6wqRHXRG301Xedy3wBCCwo,Sensação,Pelé MilFlows,Sensação,4WbHbolEKZIhnkO2xv2Lm0,52,272004,False,0.842,0.441,2,-10.548,0,0.106,0.53,0,0.192,0.722,128.028,4
344,0LkUf43tCGdwUVBuAssdVD,Relação,Pelé MilFlows,Relação,4WbHbolEKZIhnkO2xv2Lm0,43,184697,False,0.612,0.66,9,-9.016,0,0.119,0.348,0,0.101,0.686,86.061,4
345,1ci86TE1xpQ3ytmaOzDJ0l,Radin (Rasta Beats Jam II),Pelé MilFlows,Radin (Rasta Beats Jam II),4WbHbolEKZIhnkO2xv2Lm0,44,269837,False,0.696,0.34,9,-13.334,0,0.183,0.367,0,0.0679,0.435,127.811,4
346,506LRr3SmNRIyP4ShHifJ5,Maluquin,Pelé MilFlows,Maluquin,4WbHbolEKZIhnkO2xv2Lm0,47,148800,False,0.622,0.678,5,-4.487,0,0.178,0.231,0,0.105,0.716,66.043,3
347,0GaDlSqPS775myNtwwYNaU,Vem Cá,Pelé MilFlows,Vem Cá,4WbHbolEKZIhnkO2xv2Lm0,46,167407,False,0.759,0.635,11,-5.737,1,0.251,0.732,0,0.475,0.485,80.978,4
348,1tqo1Adl9oUzgs4lvalJkU,O Final,Pelé MilFlows,O Final,4WbHbolEKZIhnkO2xv2Lm0,46,192989,False,0.708,0.271,8,-12.135,0,0.0324,0.808,0,0.117,0.381,97.004,4
349,1M4q8oK4PlvHBvzgKs6e8O,Nao Sei Mais,Pelé MilFlows,Nao Sei Mais,4WbHbolEKZIhnkO2xv2Lm0,45,145185,False,0.51,0.759,6,-4.404,0,0.153,0.244,0,0.202,0.861,79.291,4
350,0VhG6qzFZo9JrHu56Wq7gh,* da Anitta,NOG,* da Anitta,1QAoT8rjnSPy5pXpu3yiHS,73,140100,True,0.811,0.638,1,-7.274,1,0.0837,0.0737,0,0.33,0.758,100.043,4
351,0a3Bfmq7czUFUsk2VZUA28,Sitio do Tio Harry,NOG,Coisas Que Eu Só Falaria Brincando,1QAoT8rjnSPy5pXpu3yiHS,63,291882,True,0.682,0.694,1,-6.353,1,0.43,0.448,0,0.298,0.732,84.306,4
352,3Q36LH3rlABCEt4JMLbD8p,Vergonha pra Mídia (feat. MC Ryan SP & Mc Lele JP),NOG,Vergonha pra Mídia (feat. MC Ryan SP & Mc Lele JP),1QAoT8rjnSPy5pXpu3yiHS,62,385357,True,0.814,0.671,0,-6.813,1,0.297,0.219,0,0.0736,0.593,83.944,4
353,5KtC1UhvyfLH5yCLTTfXwm,Favela No Topo,NOG,Universo Particular,1QAoT8rjnSPy5pXpu3yiHS,60,262200,True,0.892,0.49,8,-7.524,0,0.327,0.219,0,0.112,0.715,125.027,4
354,1Y5WE2Rd9F6PVsNcHgycqO,Click Clack Bum,NOG,Inferno de Kant,1QAoT8rjnSPy5pXpu3yiHS,49,265111,False,0.892,0.684,7,-6.193,1,0.306,0.217,0,0.0427,0.418,134.947,4
355,14E9aIjVkzMns4Pl3cgJJ9,Vibranium,NOG,Vibranium,1QAoT8rjnSPy5pXpu3yiHS,50,202000,True,0.554,0.717,11,-8.379,1,0.303,0.0121,0,0.184,0.331,91.831,4
356,1EpCDVhw6wz6iEUn2WaLC0,Oh Shit,NOG,Inferno de Kant (Deluxe),1QAoT8rjnSPy5pXpu3yiHS,40,232311,True,0.805,0.721,1,-6.057,1,0.161,0.434,0,0.142,0.787,135.051,4
357,2bk5EEG7oTNiUHkkqXeVYf,Bandido da Luz Vermelha,NOG,Bandido da Luz Vermelha,1QAoT8rjnSPy5pXpu3yiHS,45,228864,True,0.825,0.671,0,-5.461,1,0.146,0.19,0,0.454,0.687,129.96,4
358,6j6PbxnEwwXiR0a8gU5y36,Quem Não Tinha Nada,NOG,Quem Não Tinha Nada,1QAoT8rjnSPy5pXpu3yiHS,43,273176,True,0.753,0.434,6,-9.956,0,0.465,0.225,0,0.318,0.669,113.095,5
359,05Fff7jWoNhpUuA1QVfL5R,Nei Sei,NOG,Clout,1QAoT8rjnSPy5pXpu3yiHS,43,155153,True,0.68,0.693,0,-7.504,1,0.179,0.2,0,0.08,0.401,117.713,4
360,2wf5rkl0KdC5v2QhOmTCMa,Estrelinha - Ao Vivo,Di Paullo & Paulino,Nós & Elas (Ao Vivo),1e5A3rWcqk9WfLjeg5T3dI,59,206982,False,0.621,0.467,11,-5.467,1,0.0294,0.76,0,0.502,0.373,103.015,3
361,2UUZgCVpTAvf9v7Ui3f7pi,Chorar de Soluçar,Di Paullo & Paulino,Novas Emoções,1e5A3rWcqk9WfLjeg5T3dI,59,184857,False,0.636,0.451,2,-10.595,1,0.031,0.751,3.71e-06,0.1,0.223,107.542,4
362,7Cnxn2hK62k4pCBxhtgHhe,Ponto Final,Di Paullo & Paulino,Não Desista,1e5A3rWcqk9WfLjeg5T3dI,61,175693,False,0.66,0.891,2,-3.708,1,0.0362,0.157,0,0.778,0.701,126.003,4
363,3aZ6jrtcymXdp6NpHl3dAt,Amor de Primavera - Ao Vivo,Di Paullo & Paulino,Modão Sertanejo (Ao Vivo),1e5A3rWcqk9WfLjeg5T3dI,58,237693,False,0.481,0.703,4,-4.746,1,0.0241,0.114,0.000363,0.325,0.606,92.016,4
364,3gDTUQAdwCwYHK8JA9q0Dn,Nada Mudou,Di Paullo & Paulino,Não Desista,1e5A3rWcqk9WfLjeg5T3dI,57,242440,False,0.331,0.57,0,-5.23,1,0.0254,0.321,0,0.694,0.447,89.86,4
365,7IvmntL2EMbb1vQNJrLW9j,Pedaço de Minha Vida / 60 Dias Apaixonado - Ao Vivo,Di Paullo & Paulino,Só Modão (Ao Vivo),1e5A3rWcqk9WfLjeg5T3dI,52,248213,False,0.521,0.728,0,-3.829,1,0.0306,0.107,0,0.958,0.724,126.279,3
366,2AgEq1TOMIHM6EwlkSTBOt,Coração Bloqueado,Di Paullo & Paulino,Coração Bloqueado,1e5A3rWcqk9WfLjeg5T3dI,51,158157,False,0.683,0.718,7,-4.501,1,0.0326,0.65,3.84e-05,0.0979,0.598,113.83,4
367,0QmFBR01kzGfV7OspgnsH1,To Indo Embora,Di Paullo & Paulino,Di Paullo e Paulino Ao Vivo,1e5A3rWcqk9WfLjeg5T3dI,51,213613,False,0.567,0.68,4,-6.009,1,0.0274,0.376,0,0.859,0.605,105.908,4
368,4XO4EmzXnytBj31vYPC7eT,Tô por Aí - Ao Vivo,Di Paullo & Paulino,Só Modão (Ao Vivo),1e5A3rWcqk9WfLjeg5T3dI,50,278520,False,0.434,0.654,8,-4.697,1,0.0295,0.538,0,0.924,0.502,116.415,4
369,7MSyqfP6ovs7heWipYsb9n,Barco de Papel - Ao Vivo,Di Paullo & Paulino,Só Modão (Ao Vivo),1e5A3rWcqk9WfLjeg5T3dI,50,167480,False,0.276,0.656,4,-3.627,1,0.0365,0.498,0,0.846,0.73,203.389,5
370,3U4isOIWM3VvDubwSI3y7a,All of Me,John Legend,Love In The Future (Expanded Edition),5y2Xq6xcjJb2jVM54GHK3t,86,269560,False,0.422,0.264,8,-7.064,1,0.0322,0.922,0,0.132,0.331,119.93,4
371,0YFqKxV9uNu6LUeYkLOKRS,On Time (with John Legend),John Legend,HEROES & VILLAINS,5y2Xq6xcjJb2jVM54GHK3t,74,168920,True,0.364,0.62,5,-6.638,0,0.0555,0.736,0.00225,0.429,0.491,79.904,4
372,0vH52Icuf6LzOFrkHE8mZG,Minefields,John Legend,CITIZENS,5y2Xq6xcjJb2jVM54GHK3t,65,190605,False,0.476,0.686,1,-5.019,0,0.11,0.183,0,0.0997,0.243,152.617,4
373,3BLWGYOcy1svvsBByeFxLh,Wonder Woman,John Legend,LEGEND,5y2Xq6xcjJb2jVM54GHK3t,68,168562,False,0.628,0.476,0,-4.947,1,0.0352,0.417,0,0.121,0.336,147.915,4
374,7wMPhUSe6CZga1vOMpLTJP,Beauty and the Beast,John Legend,Beauty and the Beast (Original Motion Picture Soundtrack/Deluxe Edition),5y2Xq6xcjJb2jVM54GHK3t,67,227928,False,0.489,0.54,6,-7.046,1,0.0288,0.126,0,0.103,0.27,81.4,4
375,1XNAH3h63O1hWFcgyHGbjf,Nervous,John Legend,LEGEND,5y2Xq6xcjJb2jVM54GHK3t,66,188046,False,0.545,0.587,2,-4.842,1,0.0634,0.414,0,0.224,0.359,123.107,4
376,2ZA4uMlSZjaoWGFqP1tsLI,Ordinary People,John Legend,Get Lifted,5y2Xq6xcjJb2jVM54GHK3t,67,281466,False,0.469,0.132,10,-14.001,1,0.0798,0.928,0,0.0873,0.36,66.989,3
377,0QjQC8sGqxUkaJFBsJjtGm,Conversations in the Dark,John Legend,Bigger Love,5y2Xq6xcjJb2jVM54GHK3t,61,235653,False,0.361,0.357,8,-8.423,0,0.0312,0.704,0,0.219,0.153,122.962,4
378,2sOj9vyd6yiss9W1IK6chU,"GOD DID (feat. Rick Ross, Lil Wayne, Jay-Z, John Legend & Fridayy)",John Legend,GOD DID,5y2Xq6xcjJb2jVM54GHK3t,66,501648,True,0.42,0.725,8,-4.262,1,0.223,0.092,0,0.18,0.186,77.941,1
379,4JUjUe1zor1myq8f2eq3Kq,In My Mind,John Legend,In My Mind,5y2Xq6xcjJb2jVM54GHK3t,63,175555,False,0.628,0.747,0,-5.488,1,0.0409,0.0963,0,0.225,0.431,107.992,4
380,7lzfMZak2HjNPXXSxksjPB,Camarão Que Dorme a Onda Leva,Martinho Da Vila,"Sambabook Zeca Pagodinho, Vol. 2",6rM2yY0GnVcOHMU5GD3y9E,64,168948,False,0.723,0.694,0,-6.694,1,0.0802,0.313,0,0.052,0.739,106.359,4
381,7fs6csqE3EltCrESv6cn0J,Disritmia,Martinho Da Vila,Martinho da Vila,6rM2yY0GnVcOHMU5GD3y9E,63,144760,False,0.674,0.419,7,-12.413,0,0.268,0.747,0,0.0797,0.87,150.131,4
382,5Ikos3uiBfPYAf7EZfz8t3,Sonho Meu,Martinho Da Vila,"Sambabook Dona Ivone Lara, Vol. 2",6rM2yY0GnVcOHMU5GD3y9E,62,228132,False,0.596,0.451,5,-9.468,1,0.0404,0.64,3.52e-06,0.158,0.486,148.045,4
383,57E1ka54d8zrIy0VzE1EAV,"Canta Canta, Minha Gente",Martinho Da Vila,Martinho da Vila,6rM2yY0GnVcOHMU5GD3y9E,58,153440,False,0.735,0.783,2,-11.895,1,0.345,0.327,0,0.19,0.829,94.488,4
384,2r4zhMrN1cQEXNWNG2SkXW,Vou Festejar,Martinho Da Vila,"Sambabook Jorge Aragão, Vol. 2",6rM2yY0GnVcOHMU5GD3y9E,59,199560,False,0.46,0.615,11,-9.581,0,0.0857,0.495,0,0.119,0.823,97.982,3
385,5mVYvilgRiCvztnnjGW0Ef,Mulheres,Martinho Da Vila,"Tá Delícia, Tá Gostoso",6rM2yY0GnVcOHMU5GD3y9E,57,196493,False,0.73,0.361,11,-16.401,0,0.0574,0.329,0,0.345,0.751,132.164,4
386,6NV8IxFmG9cPtnZqQwulAy,Clube do Samba,Martinho Da Vila,"Sambabook João Nogueira, 2",6rM2yY0GnVcOHMU5GD3y9E,56,278853,False,0.614,0.749,11,-9.502,0,0.283,0.375,0,0.666,0.78,105.169,4
387,1cHmLtt9MiXqj29rqMWqBU,Ex-Amor,Martinho Da Vila,Sentimentos,6rM2yY0GnVcOHMU5GD3y9E,52,216746,False,0.512,0.688,7,-7.496,0,0.0514,0.383,0,0.312,0.904,103.015,4
388,4LGUpFyPi4cmiHjgVobuMd,Casa de Bamba,Martinho Da Vila,Martinho da Vila,6rM2yY0GnVcOHMU5GD3y9E,49,143866,False,0.777,0.68,8,-10.698,1,0.151,0.231,0,0.129,0.97,91.558,4
389,0fz1d9rPbAuxbqvzUpW31K,"Canta, Canta Minha Gente",Martinho Da Vila,Sambabook: Martinho da Vila,6rM2yY0GnVcOHMU5GD3y9E,52,188440,False,0.762,0.579,11,-10.026,0,0.249,0.45,0,0.11,0.917,92.098,4
390,48LEhRW4gLMCVSYFEZvt8b,Assume a Gente - Ao Vivo,João Bosco e Gabriel,Assume a Gente (Ao Vivo),21WAvVROZ83oUvJwFTG2dH,70,171524,False,0.683,0.657,1,-4.637,1,0.0273,0.696,0,0.559,0.642,104.089,4
391,6nJzAmvJs9p1rDPs2SQx5x,Golpe Cheiroso - Ao Vivo,João Bosco e Gabriel,Dois Lados (Ao Vivo),21WAvVROZ83oUvJwFTG2dH,60,163448,False,0.65,0.817,0,-4.493,1,0.0412,0.491,0,0.652,0.524,108.802,4
392,7vqZ4N7Xsdz6yYPxGPih2B,Se Não Entendeu - Ao Vivo,João Bosco e Gabriel,Dois Lados (Ao Vivo),21WAvVROZ83oUvJwFTG2dH,42,188777,False,0.67,0.767,10,-4.108,1,0.043,0.367,0,0.934,0.434,120.838,4
393,08I9PzelbafWeXufyvKL3S,Alô Ex-Amor - Ao Vivo,João Bosco e Gabriel,Alô Ex-Amor (Ao Vivo),21WAvVROZ83oUvJwFTG2dH,57,197951,False,0.7,0.868,10,-2.968,0,0.103,0.562,7.41e-06,0.79,0.937,169.909,4
394,0MJPoIEF48wGqzOp27geb7,Localiza Aí Bebê - Ao Vivo,João Bosco e Gabriel,Localiza Aí Bebê (Ao Vivo),21WAvVROZ83oUvJwFTG2dH,53,146882,False,0.751,0.926,2,-1.984,1,0.194,0.353,0,0.917,0.935,164.975,4
395,30qfyQ4s2lz0wQiS3XT10w,Se Não Tem As Manha - Ao Vivo,João Bosco e Gabriel,"Dois Lados, Vol. 1 (Ao Vivo)",21WAvVROZ83oUvJwFTG2dH,35,169000,False,0.653,0.822,7,-3.605,1,0.0617,0.495,0,0.927,0.556,113.892,4
396,3UrdzZal6ho6QYEazKJ6Hr,Um Meia Zero - Ao Vivo,João Bosco e Gabriel,"Dois Lados, Vol. 1 (Ao Vivo)",21WAvVROZ83oUvJwFTG2dH,44,176449,False,0.821,0.849,1,-4.144,1,0.0696,0.214,0,0.913,0.798,124.024,4
397,2LhCF75b546WfIr2rQDE0X,Loirona,João Bosco e Gabriel,Loirona,21WAvVROZ83oUvJwFTG2dH,43,181161,False,0.583,0.902,9,-3.104,1,0.0672,0.317,0,0.425,0.761,176.04,4
398,2bVjbJBD7zn68PDQbPUJKa,Ela Sofre Diferente - Ao Vivo,João Bosco e Gabriel,Ela Sofre Diferente (Ao Vivo),21WAvVROZ83oUvJwFTG2dH,39,168817,False,0.699,0.845,10,-3.066,1,0.0897,0.416,0,0.87,0.653,169.08,4
399,0b70iHsbcsXeG2O75mQo2C,Alô Ex-Amor - Remix,João Bosco e Gabriel,Alô Ex-Amor (Remix),21WAvVROZ83oUvJwFTG2dH,38,185620,False,0.686,0.679,1,-2.799,1,0.253,0.348,0,0.127,0.72,149.785,4
400,7ACxUo21jtTHzy7ZEV56vU,Crazy Train,Ozzy Osbourne,Blizzard Of Ozz (40th Anniversary Expanded Edition),6ZLTlhejhndI4Rh53vYhrY,79,293183,False,0.454,0.913,9,-4.008,1,0.107,0.408,0.000271,0.248,0.521,137.688,4
401,7w6PJe5KBPyvuRYxFkPssC,No More Tears,Ozzy Osbourne,No More Tears (Expanded Edition),6ZLTlhejhndI4Rh53vYhrY,72,443240,False,0.346,0.749,6,-6.506,1,0.035,0.00167,8.86e-05,0.648,0.315,102.591,4
402,0S3gpZzlT9Hb7CCSV2owX7,"Mama, I'm Coming Home",Ozzy Osbourne,No More Tears (Expanded Edition),6ZLTlhejhndI4Rh53vYhrY,70,251866,False,0.282,0.656,8,-6.557,1,0.0302,0.0105,0,0.0892,0.242,139.352,4
403,5axOkQnmQmwtjr4bv1Xt7i,I Don't Wanna Stop,Ozzy Osbourne,Black Rain (Expanded Edition),6ZLTlhejhndI4Rh53vYhrY,68,239826,False,0.578,0.937,5,-3.926,1,0.0724,0.000963,2.25e-06,0.4,0.769,137.937,4
404,2E7W1X4maFFcjHrVrFA7Vs,Bark at the Moon,Ozzy Osbourne,Bark At The Moon (Expanded Edition),6ZLTlhejhndI4Rh53vYhrY,67,257120,False,0.303,0.961,9,-5.333,0,0.243,0.00253,6.2e-05,0.132,0.305,146.591,4
405,2ov8L95QD25TLpZAZPYWXL,Mr. Crowley,Ozzy Osbourne,Blizzard Of Ozz (40th Anniversary Expanded Edition),6ZLTlhejhndI4Rh53vYhrY,66,302647,False,0.307,0.748,2,-6.514,0,0.0568,0.212,0.000153,0.368,0.347,108.227,4
406,31dqpLUModJWNbxrXu6TWd,Shot in the Dark,Ozzy Osbourne,The Ultimate Sin,6ZLTlhejhndI4Rh53vYhrY,66,256293,False,0.581,0.791,6,-7.262,1,0.0324,0.00835,6.02e-05,0.142,0.619,123.887,3
407,78PKCefXwDLbl4FVO1Pjzh,Dreamer,Ozzy Osbourne,Down To Earth,6ZLTlhejhndI4Rh53vYhrY,64,284906,False,0.493,0.636,1,-7.408,1,0.0256,0.0629,2.49e-06,0.0921,0.279,79.419,4
408,43thLwzSasUUZEYjYPeJh3,Close My Eyes Forever,Ozzy Osbourne,Lita,6ZLTlhejhndI4Rh53vYhrY,63,283133,False,0.476,0.331,5,-14.884,1,0.0305,0.31,2.82e-06,0.172,0.24,130.574,4
409,3YYnFEXCLNbaWuC0hIEnIS,Patient Number 9 (feat. Jeff Beck),Ozzy Osbourne,Patient Number 9,6ZLTlhejhndI4Rh53vYhrY,59,441402,False,0.318,0.87,5,-4.246,1,0.0652,0.000195,0.192,0.133,0.297,169.906,4
410,3hbTkJ0yFzHbawnKyhvTQj,Sálvame,Dulce María,Rebelde,6kaefrHSdAvxhhCVDFTCEL,75,224973,False,0.473,0.657,6,-6.278,1,0.024,0.0454,2.41e-06,0.068,0.294,74.996,4
411,2RJ1fg4qf2vgZKifTa4HgA,Sólo Quédate En Silencio,Dulce María,Rebelde,6kaefrHSdAvxhhCVDFTCEL,71,219520,False,0.464,0.775,7,-4.838,1,0.0313,0.203,0,0.0478,0.672,184.089,4
412,0bMVCO35RJiUhAfvFsLjIF,Este Corazón,Dulce María,Nuestro Amor,6kaefrHSdAvxhhCVDFTCEL,70,210440,False,0.497,0.619,7,-4.811,1,0.0322,0.47,0,0.0708,0.756,159.996,4
413,1AO5MeGsWdPLejY47pnYYy,Tras De Mí,Dulce María,Nuestro Amor,6kaefrHSdAvxhhCVDFTCEL,69,192320,False,0.64,0.931,0,-3.437,0,0.0852,0.0172,0,0.248,0.851,115.036,4
414,5sgvzXoYFCr5F5tUZdAA20,Ser O Parecer,Dulce María,Celestial,6kaefrHSdAvxhhCVDFTCEL,66,211466,False,0.605,0.88,1,-3.747,1,0.14,0.263,0,0.2,0.908,176.028,4
415,3eo3Dw5OGSWCzJDVHLKE3v,Enséñame,Dulce María,Rebelde,6kaefrHSdAvxhhCVDFTCEL,64,221853,False,0.68,0.796,2,-5.884,1,0.0588,0.385,0,0.375,0.624,80.945,4
416,6fqpsCQ7jF7OgQolXgYovX,Aún Hay Algo,Dulce María,Nuestro Amor,6kaefrHSdAvxhhCVDFTCEL,64,214933,False,0.611,0.82,4,-2.784,1,0.0316,0.0084,0,0.107,0.786,94.981,4
417,56tOMi4N980gmsdUoyaLb3,Rebelde,Dulce María,Rebelde,6kaefrHSdAvxhhCVDFTCEL,63,214306,False,0.671,0.782,7,-6.498,1,0.047,0.0122,0,0.525,0.62,95.011,4
418,7F7qwp7VZRVwZsNoddRRgX,Nuestro Amor,Dulce María,Nuestro Amor,6kaefrHSdAvxhhCVDFTCEL,63,215746,False,0.541,0.769,4,-6.253,1,0.0339,0.0556,1.54e-05,0.17,0.382,129.971,4
419,3gQm8QtxHR8pnMxykb1HHH,S.H.E.A,Dulce María,S.H.E.A,6kaefrHSdAvxhhCVDFTCEL,62,190760,False,0.523,0.751,8,-5.371,1,0.0499,0.0625,0,0.142,0.377,167.876,4
420,4YfdCJR5uKLYkcGdZQap35,Mec Life,MC Theuzyn,Mec Life,1boMFBiRXiba4RCcPs5DMm,7,195706,True,0.668,0.754,0,-1.355,1,0.276,0.632,0.17,0.0729,0.67,86.232,5
421,5jJ9fktcJM9ECpo2F9ly6v,Primeira à Direita,MC Theuzyn,Primeira à Direita,1boMFBiRXiba4RCcPs5DMm,71,114461,True,0.931,0.736,7,-0.698,0,0.0943,0.217,0,0.113,0.49,129.925,4
422,2dwkCNgPmMqTjofwDCUZHu,É sempre assim,MC Theuzyn,É sempre assim,1boMFBiRXiba4RCcPs5DMm,55,158999,False,0.566,0.292,2,-8.129,1,0.176,0.657,6.21e-06,0.151,0.582,75.678,5
423,3hNdDDeAKKSe9E2dR8irmb,Ela Tira o Pau da Tcheka pra Botar na Boca,MC Theuzyn,Ela Tira o Pau da Tcheka pra Botar na Boca,1boMFBiRXiba4RCcPs5DMm,54,110222,True,0.949,0.964,6,1.356,1,0.259,0.0459,0.00819,0.16,0.844,135.016,4
424,01efDF4LDREwvViIR2M6sL,Ela Quer Fumar Do Rush,MC Theuzyn,Ela Quer Fumar Do Rush,1boMFBiRXiba4RCcPs5DMm,54,108922,True,0.709,0.602,6,-6.162,0,0.423,0.615,5.77e-05,0.179,0.316,86.483,3
425,1zEG0pBdNN0W1i4YzvHwSa,Segura no Paredão Eletro Funk,MC Theuzyn,Segura no Paredão Eletro Funk,1boMFBiRXiba4RCcPs5DMm,51,127605,True,0.922,0.369,9,-6.497,1,0.218,0.604,5.16e-05,0.351,0.552,129.241,4
426,2tYhyuVyovup0fx9uy4EbJ,Ela Tira o Pau da Tcheca Pra Botar Na Boca,MC Theuzyn,Ela Tira o Pau da Tcheca Pra Botar Na Boca,1boMFBiRXiba4RCcPs5DMm,47,126436,True,0.914,0.901,10,-3.836,0,0.279,0.12,0,0.317,0.891,132.904,4
427,3MVDYQ4b6sGtDOiGfnZGQ8,SOCA SOCA DO SUBMUNDO,MC Theuzyn,SOCA SOCA DO SUBMUNDO,1boMFBiRXiba4RCcPs5DMm,17,184967,False,0.945,0.597,5,-7.334,1,0.118,0.757,0.132,0.194,0.595,130.017,4
428,21vw4GCYDxLYiawS6Bs8ao,Verdão na Orelha / Aqui na igrejinha,MC Theuzyn,Verdão na Orelha / Aqui na igrejinha,1boMFBiRXiba4RCcPs5DMm,43,95999,True,0.806,0.7,10,-4.518,0,0.254,0.214,0,0.0953,0.687,129.947,4
429,77gY2XmmpoRALGKBIawQm8,Rave Jogando o L,MC Theuzyn,Rave Jogando o L,1boMFBiRXiba4RCcPs5DMm,43,216623,True,0.885,0.666,10,-4.28,1,0.295,0.307,3.87e-06,0.283,0.901,131.948,4
430,0GjEhVFGZW8afUYGChu3Rr,Dancing Queen,ABBA,Arrival,0LcJLqbBmaGUft1e9Mm8HV,85,230400,False,0.543,0.87,9,-6.514,1,0.0428,0.358,0.000939,0.792,0.754,100.804,4
431,3vkQ5DAB1qQMYO4Mr9zJN6,Gimme! Gimme! Gimme! (A Man After Midnight),ABBA,Voulez-Vous,0LcJLqbBmaGUft1e9Mm8HV,83,292613,False,0.749,0.491,10,-9.655,1,0.0403,0.02,0.00899,0.159,0.536,119.528,4
432,4euAGZTszWPrriggYK0HG9,Lay All Your Love On Me,ABBA,Super Trouper,0LcJLqbBmaGUft1e9Mm8HV,78,274466,False,0.678,0.727,2,-7.844,0,0.0258,0.117,0.00396,0.354,0.71,133.481,4
433,2TxCwUlqaOH3TIyJqGgR91,Mamma Mia,ABBA,Abba,0LcJLqbBmaGUft1e9Mm8HV,80,213266,False,0.749,0.748,2,-7.011,1,0.0323,0.295,0.000443,0.469,0.827,137.547,4
434,3lKN03PDeBnXZS7sDukRBt,"Money, Money, Money",ABBA,Arrival,0LcJLqbBmaGUft1e9Mm8HV,75,186426,False,0.787,0.704,9,-6.873,0,0.0385,0.535,0.00305,0.089,0.646,120.701,4
435,5BckPAYcKEJuYs1eV1BHHe,Take A Chance On Me,ABBA,The Album,0LcJLqbBmaGUft1e9Mm8HV,77,243933,False,0.684,0.675,11,-8.123,1,0.0257,0.163,0,0.242,0.924,107.064,4
436,3Dy4REq8O09IlgiwuHQ3sk,Waterloo,ABBA,Waterloo,0LcJLqbBmaGUft1e9Mm8HV,76,168960,False,0.445,0.949,2,-4.682,1,0.0471,0.395,8.18e-06,0.0902,0.653,147.604,4
437,3oEkrIfXfSh9zGnE7eBzSV,The Winner Takes It All,ABBA,Super Trouper,0LcJLqbBmaGUft1e9Mm8HV,76,294720,False,0.454,0.788,6,-6.748,1,0.0371,0.574,0.000766,0.0859,0.52,126.15,4
438,7rWgGyRK7RAqAAXy4bLft9,Angeleyes,ABBA,Voulez-Vous,0LcJLqbBmaGUft1e9Mm8HV,76,260893,False,0.719,0.922,11,-6.091,1,0.0338,0.523,0.000163,0.0867,0.964,133.113,4
439,762B4bOcXF7I2Y8UlKTyTy,Chiquitita,ABBA,Voulez-Vous,0LcJLqbBmaGUft1e9Mm8HV,75,326320,False,0.5,0.554,9,-8.108,1,0.0354,0.734,3.72e-06,0.312,0.372,84.229,4
440,5JJeTOeP6K6HuA0IDzoD53,Pescaria,Gino & Geno,"Canto, Bebo e Choro",2rGEXX2PXml6YnjkgOlWwT,60,142066,False,0.759,0.687,4,-5.113,1,0.0267,0.499,0,0.113,0.89,92.524,4
441,28Hl0hV9sEwWPPucwFL0Wl,Jeito caipira,Gino & Geno,Agora é Só Alegria,2rGEXX2PXml6YnjkgOlWwT,58,151480,False,0.742,0.697,4,-5.963,1,0.0418,0.503,0,0.134,0.897,90.018,4
442,053v0WekNUSAqrLY76JFlh,Nóis Enverga Mas Não Quebra - Ao Vivo,Gino & Geno,Gino & Geno (Ao Vivo),2rGEXX2PXml6YnjkgOlWwT,58,181400,False,0.72,0.885,11,-5.193,1,0.0511,0.297,0,0.892,0.957,112.094,4
443,1vxcMpdio5ovbnXZ8H2OTR,Ela Chorou De Amor - Ao Vivo,Gino & Geno,Gino & Geno (Ao Vivo),2rGEXX2PXml6YnjkgOlWwT,57,216280,False,0.675,0.81,2,-5.825,1,0.028,0.452,0,0.955,0.965,109.078,4
444,5p10lu19PS13ZlH6shCPEZ,Toalha Branca,Gino & Geno,"Canto, Bebo e Choro",2rGEXX2PXml6YnjkgOlWwT,56,173933,False,0.653,0.588,7,-5.555,1,0.0254,0.628,0,0.257,0.738,90.074,3
445,5yjRRCdHhkyeShPQgttARp,Bebo Pa Carai,Gino & Geno,A Galera Do Chapeu,2rGEXX2PXml6YnjkgOlWwT,53,211066,False,0.774,0.806,4,-5.953,1,0.06,0.149,0,0.279,0.84,112.008,4
446,0vP4qmuX5YgA3rI7FrAtSQ,Apaixonado Por Você - Ao Vivo,Gino & Geno,Gino & Geno (Ao Vivo),2rGEXX2PXml6YnjkgOlWwT,53,247387,False,0.434,0.887,4,-5.747,1,0.052,0.249,0,0.688,0.869,110.067,4
447,7g4Er6mnGYJPAvCxSxSzYc,Acidente De Amor,Gino & Geno,A Galera Do Chapeu,2rGEXX2PXml6YnjkgOlWwT,52,233786,False,0.794,0.651,4,-4.576,1,0.0469,0.289,0,0.205,0.962,89.997,4
448,4BzTmmCnXGLDZ5V1v6H3gU,Ela chorou de amor,Gino & Geno,Ela Chorou de Amor,2rGEXX2PXml6YnjkgOlWwT,50,219920,False,0.737,0.78,9,-4.016,1,0.025,0.484,0,0.24,0.958,104.12,4
449,5ZH4Qr1hl4Nvcf2DD8NMYC,Com Dinheiro É Mole,Gino & Geno,Pode Chamar Nóis,2rGEXX2PXml6YnjkgOlWwT,50,160757,False,0.729,0.703,5,-6.524,1,0.0345,0.515,0,0.195,0.968,91.082,4
450,6a6UEfhgIKfzrZu1hqRYup,INEFÁVEL (feat. Leviano),Long beatz,INEFÁVEL,1oBkccDqIDMTntIIHKlJBp,73,245987,True,0.719,0.597,7,-7.037,0,0.111,0.0988,0,0.115,0.512,124.906,4
451,63jalJVpyyGPYvDuTEaFi9,Abusadão,Long beatz,Abusadão,1oBkccDqIDMTntIIHKlJBp,58,176814,False,0.808,0.578,11,-7.551,0,0.0496,0.521,2.01e-05,0.11,0.717,112.952,4
452,5179CPSuNgVlFcZgM1JUw2,A Noite,Long beatz,A Noite,1oBkccDqIDMTntIIHKlJBp,58,194285,True,0.857,0.502,8,-8.25,0,0.0889,0.399,0.00012,0.1,0.54,126.07,4
453,5FgvfSQJG0BugPXlbJPaeG,Trap de Bandido (feat. Meno Tody),Long beatz,Trap de Bandido (feat. Meno Tody),1oBkccDqIDMTntIIHKlJBp,47,279964,False,0.833,0.586,6,-5.473,0,0.144,0.17,0,0.0866,0.429,140.023,4
454,5pzkXOVH7FgEDu6RuqngQL,Dolce,Long beatz,INEFÁVEL,1oBkccDqIDMTntIIHKlJBp,42,136750,True,0.722,0.604,0,-6.787,0,0.086,0.401,0,0.197,0.393,120.048,4
455,2WKciZdNlja4UfSoonkCaE,Only Fan$,Long beatz,INEFÁVEL,1oBkccDqIDMTntIIHKlJBp,41,160909,True,0.694,0.68,8,-4.879,0,0.181,0.00658,0,0.117,0.413,176.004,4
456,1An2zD6L81Zybv1DT90qGQ,Mídia Freestyle,Long beatz,INEFÁVEL,1oBkccDqIDMTntIIHKlJBp,37,170666,True,0.75,0.678,1,-6.79,1,0.302,0.0375,0,0.225,0.575,180.131,4
457,6JKYSFU9z2RDe2FUyNoaSa,Sem Tempo,Long beatz,INEFÁVEL,1oBkccDqIDMTntIIHKlJBp,36,158769,True,0.798,0.664,2,-5.725,1,0.0668,0.148,0,0.343,0.162,129.95,4
458,4bISBIuo1QZdxvp2sdMNFk,Trap de Bandido 2,Long beatz,INEFÁVEL,1oBkccDqIDMTntIIHKlJBp,35,149713,True,0.851,0.56,10,-7.246,0,0.125,0.0631,8.52e-05,0.142,0.216,133.013,4
459,3kdAVvzDU9bplcPM8rRClz,Network,Long beatz,INEFÁVEL,1oBkccDqIDMTntIIHKlJBp,32,136950,True,0.853,0.558,8,-5.516,1,0.225,0.0025,0,0.0972,0.702,99.991,4
460,7wdwIaXUuzlu1grzWMFRJm,Mary On A Cross,Ghost,[MESSAGE FROM THE CLERGY],1Qp56T7n950O3EGMsSl81D,76,244804,False,0.467,0.9,11,-4.505,1,0.0451,0.000187,0.000493,0.105,0.554,130.027,4
461,1zd8h6ho3mlbhkZnADHVzP,Jesus He Knows Me,Ghost,Jesus He Knows Me,1Qp56T7n950O3EGMsSl81D,72,245240,False,0.474,0.962,7,-4.716,1,0.0638,4.33e-05,0.000308,0.113,0.253,94.991,4
462,5TNhjanmvwvmjCz2WYwSAv,Square Hammer,Ghost,Meliora (Deluxe Edition),1Qp56T7n950O3EGMsSl81D,68,239293,False,0.53,0.903,2,-4.396,0,0.0483,3.31e-05,0.182,0.259,0.747,129.983,4
463,4pIKFpwflOdhYNIRmPTj3E,Dance Macabre,Ghost,Prequelle,1Qp56T7n950O3EGMsSl81D,66,219720,False,0.619,0.696,7,-6.269,0,0.0315,1.89e-05,0.00555,0.38,0.727,125.986,4
464,4xAmbn7xiy6wGOs4oaxv70,Call Me Little Sunshine,Ghost,IMPERA,1Qp56T7n950O3EGMsSl81D,69,284266,False,0.566,0.871,5,-4.833,1,0.0311,0.000674,0.00144,0.107,0.41,88.012,4
465,0WHtcCpZnoyFlQg3Mf2cdN,Spillways,Ghost,IMPERA,1Qp56T7n950O3EGMsSl81D,69,196946,False,0.575,0.868,5,-5.004,0,0.0319,0.000207,0.00294,0.0584,0.804,128.069,4
466,4KNuTxGlUSb9hFm8asqWuZ,Phantom Of The Opera,Ghost,Phantom Of The Opera,1Qp56T7n950O3EGMsSl81D,66,443386,False,0.257,0.914,10,-4.923,1,0.0598,2.13e-05,0.328,0.0348,0.542,109.05,4
467,5j3iBuHq6vv7VcBo4Y2QrK,Cirice,Ghost,Meliora,1Qp56T7n950O3EGMsSl81D,62,362093,False,0.555,0.798,3,-5.658,1,0.0279,0.00254,1.5e-05,0.171,0.284,89.987,4
468,3yiyZW5sYNg3VvIejh10sK,Year Zero,Ghost,Infestissumam,1Qp56T7n950O3EGMsSl81D,63,350186,True,0.469,0.705,7,-5.134,1,0.0458,0.0304,0.0155,0.659,0.137,122.025,4
469,56k2ztFw7hQRzDeoe80pJo,Kiss The Go-Goat,Ghost,Seven Inches Of Satanic Panic,1Qp56T7n950O3EGMsSl81D,67,195693,False,0.469,0.851,10,-4.147,1,0.0547,0.000213,7.86e-06,0.154,0.549,130.053,4
470,3RCsfLbrTLYaPtFscrpOOm,Perigosa E Linda (Corpo e Alma 50 Anos),Corpo e Alma,Perigosa E Linda (Corpo e Alma 50 Anos),0SzWnIde8xRsuGDZYZdvE5,63,202935,False,0.722,0.772,4,-5.295,1,0.0274,0.0491,4.74e-06,0.34,0.96,95.001,4
471,312UPISx0OxNSVRzE07eZ2,Mega Funk Perigosa e Linda - Remix,Corpo e Alma,Mega Funk Perigosa e Linda (Remix),0SzWnIde8xRsuGDZYZdvE5,58,158095,False,0.782,0.68,4,-8.064,1,0.0687,0.115,0.0019,0.122,0.652,126.058,4
472,3jTxIkzmqc7znKZWOcGoM4,Se Ela Me Ligar,Corpo e Alma,Se Ela Me Ligar,0SzWnIde8xRsuGDZYZdvE5,57,175088,False,0.716,0.81,11,-5.244,1,0.029,0.416,1.26e-06,0.135,0.825,95.99,4
473,7fyxPaC3B7YKJzGnaGQmsc,Bandida,Corpo e Alma,Bandida,0SzWnIde8xRsuGDZYZdvE5,55,179104,False,0.716,0.81,4,-4.621,1,0.0348,0.274,0,0.447,0.92,97.031,4
474,2HqOJEHRZEmLcxX277teF7,Ta Faltando Beijos,Corpo e Alma,Ta Faltando Beijos,0SzWnIde8xRsuGDZYZdvE5,55,213574,False,0.734,0.813,5,-5.446,1,0.0345,0.114,0,0.0958,0.958,102.958,4
475,2ORR18eeDixQffLmpamqsz,Amante,Corpo e Alma,Amante,0SzWnIde8xRsuGDZYZdvE5,51,152748,False,0.771,0.87,1,-4.048,0,0.0357,0.493,0,0.0446,0.897,99.948,4
476,0wl3WUJWWWxF6tN3nPfkCH,Aquela dos Olhos Negros,Corpo e Alma,Aquela dos Olhos Negros,0SzWnIde8xRsuGDZYZdvE5,49,227604,False,0.853,0.628,7,-5.801,1,0.0398,0.184,3.7e-05,0.0242,0.963,93.014,4
477,09QGiIVv56XwtvM6DlGWKC,Catchaquera,Corpo e Alma,Katchakeira,0SzWnIde8xRsuGDZYZdvE5,49,171781,False,0.746,0.716,7,-5.232,1,0.0451,0.296,3.25e-06,0.027,0.965,171.793,4
478,75ZXUlhIRY8VGhXqT7h1hM,Para Não Fala (Corpo e Alma 50 Anos),Corpo e Alma,Para Não Fala (Corpo e Alma 50 Anos),0SzWnIde8xRsuGDZYZdvE5,48,197194,False,0.704,0.941,2,-3.957,1,0.0503,0.25,1.34e-06,0.203,0.923,146.007,4
479,3Gc6et18oQ8Y4PUzz1r46H,Alô Meu Amor,Corpo e Alma,Katchakeira,0SzWnIde8xRsuGDZYZdvE5,47,216685,False,0.819,0.616,7,-4.617,1,0.0314,0.176,1.53e-06,0.232,0.93,99.921,4
480,02N1JQT9G9NpKEZoPoWMIP,Culpa da Suene,Dj Dg Do Rb,Culpa da Suene,7hcLgowsbmmUxHXPmrKHnA,46,150461,True,0.636,0.654,8,-1.746,1,0.114,0.426,3.33e-06,0.0709,0.769,163.098,5
481,1VLFfdS5ceqCX10NOXHP6s,Elas Querem Conforto,Dj Dg Do Rb,Elas Querem Conforto,7hcLgowsbmmUxHXPmrKHnA,45,114576,True,0.893,0.818,5,-3.463,1,0.424,0.689,0,0.0845,0.679,130.116,4
482,1DPbviURda1kVX5JgM7psp,Eu Vou Pro Carnaval,Dj Dg Do Rb,Eu Vou Pro Carnaval,7hcLgowsbmmUxHXPmrKHnA,41,111230,True,0.903,0.697,1,-2.932,0,0.0668,0.532,0,0.655,0.391,130.26,4
483,6XVN1jAUWyaZpsewEbKp3d,Mega Pra Andiroba,Dj Dg Do Rb,Mega Pra Andiroba,7hcLgowsbmmUxHXPmrKHnA,41,107128,True,0.894,0.755,1,-0.158,1,0.236,0.465,2.49e-06,0.153,0.42,130.022,4
484,2ncNLv5NgfJCU11OH6xF7X,Set Dj Dg do Rb,Dj Dg Do Rb,Set Dj Dg do Rb,7hcLgowsbmmUxHXPmrKHnA,40,358153,True,0.875,0.354,8,-7.431,0,0.488,0.774,0,0.0736,0.83,129.945,4
485,16MR6EnO1dFSklP8Wdo6RL,Os Cria Não Te Ama,Dj Dg Do Rb,Os Cria Não Te Ama,7hcLgowsbmmUxHXPmrKHnA,38,112615,True,0.876,0.757,10,0.362,0,0.396,0.432,0,0.0678,0.71,86.637,5
486,0I7Mo9cLslkmhcxZJdOWZO,Vamos Embrazar,Dj Dg Do Rb,Vamos Embrazar,7hcLgowsbmmUxHXPmrKHnA,37,197538,False,0.852,0.713,1,-1.692,1,0.208,0.516,2.47e-06,0.0932,0.624,86.703,5
487,5Mlms5aMctXZFAbmbCEWdZ,Gostosa da Pratique,Dj Dg Do Rb,Meu Complexo,7hcLgowsbmmUxHXPmrKHnA,34,112615,True,0.701,0.717,8,-1.621,1,0.279,0.692,0,0.164,0.906,83.539,5
488,7azxvLzJTHsRiCueumkdbf,EU GOSTO DE MINA,Dj Dg Do Rb,EU GOSTO DE MINA,7hcLgowsbmmUxHXPmrKHnA,34,114461,True,0.86,0.789,0,0.675,1,0.379,0.647,0,0.0417,0.85,86.695,3
489,2UBXQmwh4cBfEPti7mmvAn,Só de Ver Você Rebolar,Dj Dg Do Rb,Só de Ver Você Rebolar,7hcLgowsbmmUxHXPmrKHnA,31,128769,True,0.928,0.805,6,-0.799,1,0.251,0.708,0.000484,0.22,0.909,130.547,4
490,4a0sqvCBo7aRIS4GzBQpnp,Kikando e Me Olhando,MC Braz,Kikando e Me Olhando,7htxZTR76qcXYJylEmkLiJ,71,210461,False,0.742,0.439,3,-5.141,0,0.28,0.637,0,0.0876,0.842,85.974,3
491,1gKXrwKn5ub6wyefqMsnZp,Joga na Cara,MC Braz,Joga na Cara,7htxZTR76qcXYJylEmkLiJ,62,109846,True,0.612,0.415,4,-5.704,0,0.119,0.789,0,0.0791,0.913,87.449,5
492,5i9QsbNUyVGw8n0K1Oakde,"Set do Dj 2W, Vol. 2",MC Braz,"Set do Dj 2W, Vol. 2",7htxZTR76qcXYJylEmkLiJ,57,359999,True,0.775,0.63,2,-1.268,0,0.121,0.457,0,0.106,0.628,86.307,5
493,0iQqPYigV7PYN1BQa3uYaF,Replay,MC Braz,Replay,7htxZTR76qcXYJylEmkLiJ,54,197616,True,0.789,0.356,4,-7.016,0,0.0369,0.552,0,0.0892,0.579,130.153,4
494,6aIhaIRrlYT5xwD9RAquUI,Vou Voltar Nada,MC Braz,Vou Voltar Nada,7htxZTR76qcXYJylEmkLiJ,52,136615,True,0.726,0.404,5,-7.816,0,0.293,0.526,0,0.0678,0.78,81.339,5
495,4zsEkCaX5RGn0uEfs8xnMt,Culpa Sua,MC Braz,Beagá,7htxZTR76qcXYJylEmkLiJ,38,155076,True,0.584,0.491,8,-1.739,0,0.261,0.345,0,0.0804,0.443,83.406,3
496,4WG8CKhonxRMORRwEpUtcQ,Joga Um Poquim,MC Braz,De Volta as Origens,7htxZTR76qcXYJylEmkLiJ,48,171692,True,0.72,0.635,11,-1.09,0,0.125,0.486,0,0.105,0.581,130.022,4
497,1r41E3s0o4VgQvKJ3pPFnC,Eu Catuquei,MC Braz,Eu Catuquei,7htxZTR76qcXYJylEmkLiJ,49,180461,True,0.614,0.56,5,-3.97,0,0.127,0.618,0,0.1,0.769,76.466,4
498,0mOCl0EBtm8gkNluMnuJec,Set Dj Win,MC Braz,Set Dj Win,7htxZTR76qcXYJylEmkLiJ,48,265845,True,0.585,0.444,2,-5.5,0,0.0617,0.512,0,0.164,0.7,81.995,5
499,3mN4Fj7jnB0d3oL9pPJc2Z,4 Moças,MC Braz,Beagá,7htxZTR76qcXYJylEmkLiJ,36,171576,True,0.709,0.53,6,-2.975,0,0.0479,0.801,1.87e-05,0.094,0.533,86.653,3
