,track_id,track_name,artist_name,artist_genres,album_name,artist_id,popularity,duration_ms,explicit,danceability,energy,key,loudness,mode,speechiness,acousticness,instrumentalness,liveness,valence,tempo,time_signature
0,51vRumtqbkNW9wrKfESwfu,UNFORGIVEN (feat. Nile Rodgers),LE SSERAFIM,['k-pop girl group'],UNFORGIVEN,4SpbR6yFEvexJuaBpgAU5p,88,182148,False,0.795,0.875,4,-4.079,0,0.0525,0.111,8.94e-05,0.107,0.375,104.008,4
1,0bMoNdAnxNR0OuQbGDovrr,ANTIFRAGILE,LE SSERAFIM,['k-pop girl group'],UNFORGIVEN,4SpbR6yFEvexJuaBpgAU5p,77,184444,False,0.879,0.784,10,-3.944,0,0.081,0.0759,0,0.125,0.83,105.019,4
2,4QhnNyKDsAkXPwHkSnuc89,"Eve, Psyche & The Bluebeard’s wife",LE SSERAFIM,['k-pop girl group'],UNFORGIVEN,4SpbR6yFEvexJuaBpgAU5p,83,185538,False,0.663,0.872,11,-5.056,1,0.2,0.0153,0,0.0519,0.626,142.951,4
3,4K8jDTlNhZWEdnzZVGRMtN,FEARLESS (2023 Ver.),LE SSERAFIM,['k-pop girl group'],UNFORGIVEN,4SpbR6yFEvexJuaBpgAU5p,73,168437,False,0.856,0.615,7,-7.226,1,0.133,0.0602,0.0018,0.118,0.48,103.948,4
4,6wBpO4Xc4YgShnENGSFA1M,Sour Grapes,LE SSERAFIM,['k-pop girl group'],FEARLESS,4SpbR6yFEvexJuaBpgAU5p,78,196540,False,0.779,0.801,6,-5.564,0,0.0457,0.395,0,0.108,0.72,139.998,4
5,2ahp0wvyEzyvgWfOhStHWp,Blue Flame (2023 Ver.),LE SSERAFIM,['k-pop girl group'],UNFORGIVEN,4SpbR6yFEvexJuaBpgAU5p,69,201894,False,0.771,0.747,4,-3.407,0,0.0455,0.023,1.47e-06,0.0706,0.762,112.046,4
6,7mYwDmbbp8UPLlnRjTJ54X,Impurities,LE SSERAFIM,['k-pop girl group'],UNFORGIVEN,4SpbR6yFEvexJuaBpgAU5p,67,196365,False,0.597,0.766,9,-4.192,0,0.0982,0.244,0,0.0664,0.453,180.126,4
7,6DSGb5CmwHX4pvclq8HUU1,No-Return (Into the unknown),LE SSERAFIM,['k-pop girl group'],UNFORGIVEN,4SpbR6yFEvexJuaBpgAU5p,73,184823,False,0.753,0.717,7,-4.672,1,0.0593,0.0267,0,0.271,0.948,157.976,4
8,1sZBzYhrQG40zcSuKkI93c,Good Parts (when the quality is bad but I am),LE SSERAFIM,['k-pop girl group'],ANTIFRAGILE,4SpbR6yFEvexJuaBpgAU5p,73,156354,False,0.785,0.679,0,-4.907,1,0.0379,0.516,0,0.417,0.616,121.121,4
9,05RlBHEZg1RmL9DnPgv9Qq,Fire in the belly,LE SSERAFIM,['k-pop girl group'],UNFORGIVEN,4SpbR6yFEvexJuaBpgAU5p,71,198232,False,0.716,0.779,9,-3.735,0,0.0589,0.0106,0,0.0266,0.442,119.932,4
10,4eTtgdIXEy2LvLeg7NNSov,Vizão de Cria 2,PJ HOUDINI,['trap brasileiro'],Vizão de Cria 2,3nfVTPYDnppERKGCRS4vim,74,306141,True,0.688,0.699,4,-4.88,0,0.103,0.179,0,0.0879,0.411,127.061,4
11,7BE8gYIIFPJsx3EjXk77yT,Vizão de Cria 3,PJ HOUDINI,['trap brasileiro'],Vizão de Cria 3,3nfVTPYDnppERKGCRS4vim,66,324413,True,0.694,0.677,7,-5.358,0,0.131,0.35,0,0.144,0.46,144.846,4
12,1C5jnWmuSzQb7pKLA7hNGw,Copão,PJ HOUDINI,['trap brasileiro'],Copão,3nfVTPYDnppERKGCRS4vim,63,157850,True,0.913,0.516,11,-9.686,1,0.314,0.139,0,0.124,0.717,123.946,4
13,4sfslUCiSjOBJZcu08U1qb,Tudo do Melhor,PJ HOUDINI,['trap brasileiro'],Tudo do Melhor,3nfVTPYDnppERKGCRS4vim,58,273008,True,0.713,0.68,1,-4.749,1,0.0791,0.15,0,0.125,0.401,132.171,4
14,7sG9CqpgxDM7YnXUybzzx9,Prosperidade,PJ HOUDINI,['trap brasileiro'],Prosperidade,3nfVTPYDnppERKGCRS4vim,56,237931,True,0.787,0.691,8,-3.873,1,0.115,0.188,0,0.0853,0.571,115.95,4
15,38YZseF2ALmg58eVQ9r2mZ,Ainda,PJ HOUDINI,['trap brasileiro'],Ainda,3nfVTPYDnppERKGCRS4vim,51,165000,True,0.721,0.517,0,-8.619,1,0.267,0.274,0,0.105,0.537,127.893,4
16,6QZ0zburgCjBTtGiXzCM5U,Floresta,PJ HOUDINI,['trap brasileiro'],Floresta,3nfVTPYDnppERKGCRS4vim,50,233690,True,0.502,0.672,8,-5.553,1,0.207,0.563,2.09e-06,0.231,0.363,92.074,3
17,4D3fTJXYQ0rle71uLKAOvI,Grana,PJ HOUDINI,['trap brasileiro'],Grana,3nfVTPYDnppERKGCRS4vim,46,133500,True,0.714,0.59,10,-5.512,0,0.237,0.142,0,0.091,0.36,160.055,4
18,3Ui45PHIjBeeqXjU8hRa72,No Check Freestyle,PJ HOUDINI,['trap brasileiro'],No Check Freestyle,3nfVTPYDnppERKGCRS4vim,43,176168,True,0.799,0.52,3,-9.334,0,0.0807,0.389,8.21e-05,0.12,0.391,119.977,4
19,78u42lapzRLNSiWBPOD7gn,Maldade,PJ HOUDINI,['trap brasileiro'],Maldade,3nfVTPYDnppERKGCRS4vim,42,205984,True,0.834,0.473,11,-8.559,1,0.101,0.119,0,0.0821,0.536,126.992,4
20,6obqb3vA4kufqEHibtF5W1,Guarda Roupa - Ao Vivo,Fred & Fabrício,['agronejo'],"Acústico de Primeira 2, Vol. 1 (Ao Vivo)",37eYuWTOZtUG8PgFOsj9h8,71,180844,False,0.637,0.679,0,-3.984,1,0.0333,0.75,0,0.533,0.426,109.928,4
21,3SWqd8gFeeItkeXwcPI77K,Flor De Plástico - Ao Vivo,Fred & Fabrício,['agronejo'],Acústico De Primeira 2 (Ao Vivo),37eYuWTOZtUG8PgFOsj9h8,71,179073,False,0.579,0.834,11,-3.722,1,0.0354,0.59,0,0.367,0.462,107.825,4
22,1zDN8pX2wk2LFl1zMa34WJ,Se Não Tivesse Ido / Frio da Madrugada / Mensagem Pra Ela - Ao Vivo Em Goiânia,Fred & Fabrício,['agronejo'],No Pelo 360° (Ao Vivo Em Goiânia),37eYuWTOZtUG8PgFOsj9h8,64,338943,False,0.473,0.738,2,-4.691,1,0.0333,0.379,0,0.181,0.425,107.85,4
23,6TCbuP5YnXhOvqe9iiNxTl,Passarinho,Fred & Fabrício,['agronejo'],Passarinho,37eYuWTOZtUG8PgFOsj9h8,61,172322,False,0.505,0.594,7,-4.697,1,0.0533,0.783,0,0.196,0.638,129.813,3
24,6iJf8awlYSBMBMAzHdPce6,Contra a Maré - Ao Vivo,Fred & Fabrício,['agronejo'],"Acústico de Primeira 2, Vol. 1 (Ao Vivo)",37eYuWTOZtUG8PgFOsj9h8,55,218689,False,0.524,0.778,3,-4.064,1,0.0576,0.614,0,0.459,0.39,163.839,4
25,43Q5sFT9ZGVno1xIuO0YwT,Pega Das Antigas - Ao Vivo,Fred & Fabrício,['agronejo'],Acústico De Primeira 2 (Ao Vivo),37eYuWTOZtUG8PgFOsj9h8,52,154069,False,0.574,0.866,0,-3.227,1,0.186,0.634,0,0.745,0.876,159.921,4
26,6ix1Z9jYM8SSwIAhj7Bvhl,Pagando Os Pecados - Ao Vivo,Fred & Fabrício,['agronejo'],"Acústico de Primeira 2, Vol. 1 (Ao Vivo)",37eYuWTOZtUG8PgFOsj9h8,47,175493,False,0.602,0.845,6,-3.418,1,0.0387,0.526,0,0.417,0.572,105.872,4
27,0fac2lIslEgM6qCN14yxDK,Paredão Desmoronou - Ao Vivo,Fred & Fabrício,['agronejo'],Ao Quadrado (Ao Vivo),37eYuWTOZtUG8PgFOsj9h8,51,159452,False,0.636,0.87,11,-4.186,0,0.192,0.599,0,0.859,0.498,147.738,4
28,7gjTtSVDFVUwE1umw1m8Uj,"Pele, Alma E Coração / Eu Aposto - Ao Vivo",Fred & Fabrício,['agronejo'],Acústico De Primeira 2 (Ao Vivo),37eYuWTOZtUG8PgFOsj9h8,48,282693,False,0.401,0.668,5,-4.268,1,0.0422,0.699,0,0.59,0.495,152.665,4
29,7bpNt1zstzwHhpjASYbXQU,Trem Bão / Pra Lá de Bagdá - Ao Vivo,Fred & Fabrício,['agronejo'],"Acústico de Primeira 2, Vol. 1 (Ao Vivo)",37eYuWTOZtUG8PgFOsj9h8,41,218400,False,0.652,0.91,0,-4.565,1,0.0824,0.532,0,0.264,0.896,100.021,4
30,3C99BfGe301JNp7BqTX5Uu,Média Boa - Ao Vivo,Felipe e Rodrigo,[],No Sentimento (Ao Vivo / Vol. 1),7gZu6kPnY9enEi5FvgTO4F,70,148900,False,0.676,0.824,9,-3.675,1,0.0657,0.382,0,0.529,0.73,118.071,3
31,5VffaPUW07vcPADu1PTKjE,Chorando Sem Ver - Ao Vivo,Felipe e Rodrigo,[],No Sentimento (Ao Vivo / Vol. 2),7gZu6kPnY9enEi5FvgTO4F,70,165593,False,0.704,0.768,1,-4.887,0,0.0418,0.541,0,0.485,0.634,114.012,4
32,2QTyIGY7cWhjG1uSAdrDok,"Beijo, Fumaça E Mentira - Ao Vivo",Felipe e Rodrigo,[],No Sentimento (Ao Vivo / Vol. 1),7gZu6kPnY9enEi5FvgTO4F,66,139953,False,0.553,0.868,9,-4.248,0,0.0597,0.211,0,0.949,0.705,153.914,4
33,2YnvTH0bNy0WgP9UzdwrhN,Média Boa - Remix,Felipe e Rodrigo,[],Média Boa (Remix),7gZu6kPnY9enEi5FvgTO4F,56,136346,False,0.675,0.732,9,-3.609,1,0.118,0.497,0.0303,0.107,0.745,129.893,4
34,6nufgyGanATpyj0CsJShaW,Chip Novo - Ao Vivo,Felipe e Rodrigo,[],No Sentimento (Ao Vivo / Vol. 1),7gZu6kPnY9enEi5FvgTO4F,50,179577,False,0.397,0.855,4,-3.652,0,0.135,0.552,0,0.937,0.536,167.974,4
35,7yhHMvUbNnq0D5lvYRZRbN,Caminhão De Sentimento - Ao Vivo,Felipe e Rodrigo,[],No Sentimento (Ao Vivo / Vol. 1),7gZu6kPnY9enEi5FvgTO4F,45,140869,False,0.611,0.861,3,-3.848,1,0.0851,0.396,0,0.379,0.636,156.048,4
36,6PLcfpOcHH7H10uk8KTXEW,Precipício - Ao Vivo,Felipe e Rodrigo,[],No Sentimento (Ao Vivo / Vol. 2),7gZu6kPnY9enEi5FvgTO4F,45,142173,False,0.589,0.727,2,-4.815,1,0.0637,0.472,0,0.63,0.516,92.118,4
37,37tgxTXCadHoqM0Y6HVIwO,A Notícia - Ao Vivo,Felipe e Rodrigo,[],No Sentimento (Ao Vivo / Vol. 1),7gZu6kPnY9enEi5FvgTO4F,43,156891,False,0.623,0.889,7,-4.012,0,0.131,0.205,0,0.823,0.484,147.75,4
38,0QvX0MQyRLRWKS0uQjJ5P1,Danos - Ao Vivo,Felipe e Rodrigo,[],No Sentimento (Ao Vivo / Vol. 2),7gZu6kPnY9enEi5FvgTO4F,44,139462,False,0.673,0.843,2,-4.471,1,0.05,0.22,0,0.74,0.895,149.911,4
39,2xZXkf9w53O28dGql9RdoX,Beijão De Pinga - Ao Vivo,Felipe e Rodrigo,[],No Sentimento (Ao Vivo / Vol. 2),7gZu6kPnY9enEi5FvgTO4F,44,146493,False,0.597,0.835,2,-3.594,0,0.107,0.169,0,0.68,0.698,153.85,4
40,6Bbbtahj26BvEcWjXrOiyZ,Ela Vem (Remix),Mc Livinho,"['funk carioca', 'funk paulista', 'funk rj', 'sertanejo universitario']",Ela Vem (Remix),7me0S5Z40qVWj3gzyK8aC3,67,107119,True,0.881,0.648,4,-6.882,0,0.357,0.635,1.84e-05,0.141,0.977,130.178,4
41,2zpiccjPSl315SqthyDf9j,Na Movimentação (feat. Faixa Rosa),Mc Livinho,"['funk carioca', 'funk paulista', 'funk rj', 'sertanejo universitario']",Na Movimentação (feat. Faixa Rosa),7me0S5Z40qVWj3gzyK8aC3,67,116307,False,0.799,0.592,9,-7.385,0,0.274,0.339,0,0.0862,0.768,129.916,4
42,6vZbWgHWITDgEe6a2aOUqY,Fazer Falta,Mc Livinho,"['funk carioca', 'funk paulista', 'funk rj', 'sertanejo universitario']",Fazer Falta,7me0S5Z40qVWj3gzyK8aC3,64,210960,False,0.548,0.467,4,-6.5,1,0.0967,0.0132,3.06e-06,0.226,0.267,84.812,3
43,2u2T2sB5Geli45Wh7r4lhr,Hoje Eu Vou Parar Na Gaiola,Mc Livinho,"['funk carioca', 'funk paulista', 'funk rj', 'sertanejo universitario']",Hoje Eu Vou Parar Na Gaiola,7me0S5Z40qVWj3gzyK8aC3,64,177093,True,0.65,0.361,2,-7.153,1,0.404,0.0327,0,0.0978,0.844,89.809,4
44,4ho6IyVZ0TilPf7ctKd84D,Se Prepara 2,Mc Livinho,"['funk carioca', 'funk paulista', 'funk rj', 'sertanejo universitario']",Se Prepara 2,7me0S5Z40qVWj3gzyK8aC3,63,147335,True,0.785,0.453,8,-8.969,0,0.455,0.106,3.78e-06,0.106,0.362,134.642,4
45,2TPBF5BD2jzmNyktsRLSw0,Vuco Bom 2 (Rave Funk),Mc Livinho,"['funk carioca', 'funk paulista', 'funk rj', 'sertanejo universitario']",Vuco Bom 2 (Rave Funk),7me0S5Z40qVWj3gzyK8aC3,62,144000,False,0.879,0.754,8,-3.18,1,0.0953,0.207,0,0.111,0.686,139.935,4
46,7BXpln48PXgHVg6vaEZCvw,Minha Vez,Mc Livinho,"['funk carioca', 'funk paulista', 'funk rj', 'sertanejo universitario']",Minha Vez,7me0S5Z40qVWj3gzyK8aC3,61,231637,False,0.522,0.412,9,-7.756,1,0.0279,0.747,0,0.152,0.588,143.895,4
47,1HJU78CRk4vxvjE5Cs1BCt,Vidrado Em Você,Mc Livinho,"['funk carioca', 'funk paulista', 'funk rj', 'sertanejo universitario']",Vidrado Em Você,7me0S5Z40qVWj3gzyK8aC3,61,134769,False,0.844,0.925,2,0.303,1,0.1,0.14,7.67e-06,0.109,0.589,159.929,4
48,1Cmy8GxBFbWNbh4jPnPQ9n,Irmã Gostosa,Mc Livinho,"['funk carioca', 'funk paulista', 'funk rj', 'sertanejo universitario']",Irmã Gostosa,7me0S5Z40qVWj3gzyK8aC3,59,187951,True,0.865,0.462,4,-4.802,0,0.151,0.412,0,0.233,0.667,133.063,4
49,7GBQ9GUAyav1YW6eVyLIQe,Ela Vem,Mc Livinho,"['funk carioca', 'funk paulista', 'funk rj', 'sertanejo universitario']",Ela Vem,7me0S5Z40qVWj3gzyK8aC3,59,196800,True,0.687,0.634,11,-7.389,1,0.426,0.62,0,0.0732,0.572,100.043,5
50,6DjKWVAqXUvMaAzO4U4CIo,Tá Vendo Aquela Lua,Exaltasamba,"['pagode', 'pagode novo', 'samba paulista', 'sertanejo', 'sertanejo universitario']",25 Anos (Ao Vivo),6VPRGmbZ0dupZrbwwEDRRw,67,196306,False,0.57,0.888,7,-9.044,1,0.05,0.561,0,0.93,0.645,163.966,4
51,0lskTzcFFTmCCgLKRpGJdQ,Me Apaixonei Pela Pessoa Errada,Exaltasamba,"['pagode', 'pagode novo', 'samba paulista', 'sertanejo', 'sertanejo universitario']",Cartão Postal,6VPRGmbZ0dupZrbwwEDRRw,60,209333,False,0.571,0.508,11,-11.484,0,0.0497,0.676,0,0.399,0.734,140.843,4
52,6XOsXDAtgNGOPzyalU4zcT,Livre Pra Voar (Quando A Gente Se Encontrar),Exaltasamba,"['pagode', 'pagode novo', 'samba paulista', 'sertanejo', 'sertanejo universitario']",Livre Pra Voar,6VPRGmbZ0dupZrbwwEDRRw,62,221213,False,0.611,0.735,7,-8.372,0,0.0345,0.257,0,0.914,0.832,88.013,4
53,1oXFfHuBuasMQ9lnPSRvGU,Tchau e Bença - Live From Brazil / 2007,Exaltasamba,"['pagode', 'pagode novo', 'samba paulista', 'sertanejo', 'sertanejo universitario']",Pagode Do Exalta Ao Vivo,6VPRGmbZ0dupZrbwwEDRRw,60,188133,False,0.645,0.726,2,-7.926,1,0.0675,0.611,0,0.877,0.838,95.517,4
54,4Mnfug0sgaMw7g3wyZD4ss,"Calma Amor - Ao Vivo Na Ilha Da Magia,Brasil/2008",Exaltasamba,"['pagode', 'pagode novo', 'samba paulista', 'sertanejo', 'sertanejo universitario']",Ao Vivo Na Ilha Da Magia,6VPRGmbZ0dupZrbwwEDRRw,60,192078,False,0.648,0.725,4,-8.49,0,0.0475,0.729,1.81e-06,0.953,0.808,96.19,4
55,1UtaelBnwFwRQZv6bBZzTg,"Valeu - Ao Vivo Na Ilha Da Magia,Brasil/2008",Exaltasamba,"['pagode', 'pagode novo', 'samba paulista', 'sertanejo', 'sertanejo universitario']",Ao Vivo Na Ilha Da Magia,6VPRGmbZ0dupZrbwwEDRRw,57,183530,False,0.705,0.753,7,-8.416,1,0.0489,0.67,0,0.934,0.656,87.527,4
56,3rbpdn9eiqXotLoiuF2oTi,Fugidinha,Exaltasamba,"['pagode', 'pagode novo', 'samba paulista', 'sertanejo', 'sertanejo universitario']",25 Anos (Ao Vivo),6VPRGmbZ0dupZrbwwEDRRw,59,184066,False,0.565,0.889,11,-8.902,0,0.0445,0.549,0,0.584,0.903,172.283,4
57,43uHeQc9kdMzFAbxCTcgiI,Telegrama,Exaltasamba,"['pagode', 'pagode novo', 'samba paulista', 'sertanejo', 'sertanejo universitario']",Luz Do Desejo,6VPRGmbZ0dupZrbwwEDRRw,53,219866,False,0.517,0.516,11,-12.441,1,0.0342,0.443,3.9e-06,0.236,0.601,151.06,4
58,0HCuwztevX33tSpKWONoZj,Abandonado - Ao Vivo Em Brazil/2008,Exaltasamba,"['pagode', 'pagode novo', 'samba paulista', 'sertanejo', 'sertanejo universitario']",Ao Vivo Na Ilha Da Magia,6VPRGmbZ0dupZrbwwEDRRw,52,249260,False,0.634,0.747,2,-7.373,1,0.0467,0.697,0,0.968,0.883,91.998,4
59,2iQEBI6exFD52QreI1pA9t,"Teu Segredo - Ao Vivo Na Ilha Da Magia,Brasil/2008",Exaltasamba,"['pagode', 'pagode novo', 'samba paulista', 'sertanejo', 'sertanejo universitario']",Ao Vivo Na Ilha Da Magia,6VPRGmbZ0dupZrbwwEDRRw,57,243069,False,0.525,0.515,9,-10.416,1,0.0325,0.718,1.18e-06,0.768,0.35,141.951,4
60,74Le949TrZk4zwDjtWzH23,Cavalo de Pau,Bruno & Denner,"['agronejo', 'sertanejo pop']",Cavalo de Pau,0jLROJ4FhMIKMF9XzlR5IZ,79,164029,False,0.728,0.707,7,-4.289,1,0.0328,0.332,0,0.462,0.657,126.973,4
61,5XurxRFhlvGk0TKwUaxBwd,Preciso Te Encontrar,Bruno & Denner,"['agronejo', 'sertanejo pop']",Isso É Bruno & Denner,0jLROJ4FhMIKMF9XzlR5IZ,67,149077,False,0.818,0.541,11,-3.901,1,0.0444,0.837,0,0.0858,0.734,134.936,4
62,3MuXag7Si9rFExJbVnsggJ,Coração na Contra Mão,Bruno & Denner,"['agronejo', 'sertanejo pop']",Isso É Bruno & Denner,0jLROJ4FhMIKMF9XzlR5IZ,65,171458,False,0.715,0.459,4,-3.454,1,0.0318,0.905,0,0.188,0.505,106.762,4
63,3E7mE82an98etSixm5UrJK,Me Esquece Primeiro - Ao Vivo,Bruno & Denner,"['agronejo', 'sertanejo pop']",Isso É Bruno & Denner 3 (Ao Vivo),0jLROJ4FhMIKMF9XzlR5IZ,61,153492,False,0.665,0.771,1,-3.727,1,0.046,0.352,0,0.706,0.628,76.587,4
64,6ypuJOQ7DwUiqcgMN8Ni0b,E Agora,Bruno & Denner,"['agronejo', 'sertanejo pop']",Isso É Bruno & Denner,0jLROJ4FhMIKMF9XzlR5IZ,53,213546,False,0.533,0.487,9,-3.942,0,0.0405,0.865,0,0.118,0.351,143.389,4
65,1PoD3bEXqqeP8GsXGyHUJ0,Vingadora - Ao Vivo,Bruno & Denner,"['agronejo', 'sertanejo pop']",O Embaixador - The Legacy (Ao Vivo),0jLROJ4FhMIKMF9XzlR5IZ,47,165888,False,0.793,0.75,7,-4.573,1,0.051,0.163,0,0.127,0.731,125.001,4
66,3W8ppGdVGOuvd6vTpyTguU,A Conta Não Fecha,Bruno & Denner,"['agronejo', 'sertanejo pop']",Isso É Bruno & Denner,0jLROJ4FhMIKMF9XzlR5IZ,49,172754,False,0.529,0.482,7,-3.848,1,0.0372,0.876,0,0.221,0.481,102.9,3
67,4nr0qPGrBngVsTGCMDqKto,Milionário,Bruno & Denner,"['agronejo', 'sertanejo pop']",Isso É Bruno & Denner,0jLROJ4FhMIKMF9XzlR5IZ,45,184640,False,0.669,0.475,2,-3.684,1,0.0315,0.896,0,0.171,0.609,113.712,4
68,7vT3WgJoQBqjMmxM3c07HF,Bolinha Verde - Ao Vivo,Bruno & Denner,"['agronejo', 'sertanejo pop']",Isso É Bruno & Denner (Ao Vivo em Goiânia),0jLROJ4FhMIKMF9XzlR5IZ,43,163019,False,0.687,0.897,1,-2.537,0,0.223,0.263,0,0.945,0.75,164.102,4
69,7tXDUB2ePkCVbdkOm4XZcX,Dama da Noite - Ao Vivo,Bruno & Denner,"['agronejo', 'sertanejo pop']",Isso É Bruno & Denner (Ao Vivo em Goiânia),0jLROJ4FhMIKMF9XzlR5IZ,39,204699,False,0.743,0.727,11,-4.473,1,0.128,0.46,0,0.617,0.649,135.032,4
70,19lxrf4xRnJqFjB4oUfUZu,Ninguém Pode Saber - Ao Vivo,Marcos & Belutti,"['sertanejo', 'sertanejo pop', 'sertanejo universitario']",Ninguém Pode Saber (Ao Vivo),0NsJZ5PMjqghGDuMzY7CuT,55,145650,False,0.637,0.653,0,-3.482,1,0.0388,0.428,0,0.193,0.773,156.004,3
71,4L9XGAYgA3Q04qecyjV7iB,Estou Apaixonado - Ao Vivo,Marcos & Belutti,"['sertanejo', 'sertanejo pop', 'sertanejo universitario']",Daniel 40 Anos: Celebra João Paulo & Daniel (Ao Vivo),0NsJZ5PMjqghGDuMzY7CuT,65,283733,False,0.395,0.751,0,-5.505,1,0.0447,0.294,0,0.714,0.32,111.864,4
72,6DyMzG7o8CKHPief9ayvmm,Saudade Digitando - Ao Vivo,Marcos & Belutti,"['sertanejo', 'sertanejo pop', 'sertanejo universitario']",Saudade Digitando (Ao Vivo),0NsJZ5PMjqghGDuMzY7CuT,67,170229,False,0.714,0.762,6,-3.175,1,0.0371,0.401,0,0.118,0.901,149.929,4
73,3QYaV3cksetbTLUwcRo0Jg,Depois de Me Usar - Ao Vivo,Marcos & Belutti,"['sertanejo', 'sertanejo pop', 'sertanejo universitario']",Depois de Me Usar (Ao Vivo),0NsJZ5PMjqghGDuMzY7CuT,60,186218,False,0.677,0.87,11,-3.348,0,0.217,0.272,0,0.116,0.779,162.875,4
74,0eoMMLrWtXbLk64baeESkc,Tudo Indica (feat. Jorge & Mateus) - Ao Vivo,Marcos & Belutti,"['sertanejo', 'sertanejo pop', 'sertanejo universitario']",Cumpra-se (Ao Vivo),0NsJZ5PMjqghGDuMzY7CuT,59,183013,False,0.536,0.854,1,-4.012,0,0.0637,0.127,0,0.107,0.769,75.95,4
75,3m8Ndnhd8u1VuSlu75hy7D,Aquele 1% (feat. Wesley Safadão),Marcos & Belutti,"['sertanejo', 'sertanejo pop', 'sertanejo universitario']",Acústico - Tão Feliz (Deluxe),0NsJZ5PMjqghGDuMzY7CuT,56,176933,False,0.43,0.919,0,-3.744,1,0.145,0.699,0,0.692,0.602,170.007,4
76,5hkjlU7sUcZb9wOYd1eRBE,Eu Era,Marcos & Belutti,"['sertanejo', 'sertanejo pop', 'sertanejo universitario']",Acredite,0NsJZ5PMjqghGDuMzY7CuT,58,211173,False,0.545,0.657,2,-5.277,1,0.0353,0.352,0,0.109,0.697,132.337,4
77,68dIzxiTmEvV7zPsymunKG,Domingo de Manhã,Marcos & Belutti,"['sertanejo', 'sertanejo pop', 'sertanejo universitario']",Acústico,0NsJZ5PMjqghGDuMzY7CuT,57,248733,False,0.349,0.757,4,-2.438,1,0.0399,0.489,0,0.432,0.386,179.783,4
78,7pSSPK28StDPjPYww81y1R,Tão Feliz,Marcos & Belutti,"['sertanejo', 'sertanejo pop', 'sertanejo universitario']",Acústico - Tão Feliz (Deluxe),0NsJZ5PMjqghGDuMzY7CuT,57,192906,False,0.575,0.905,2,-4.177,1,0.0798,0.346,0,0.392,0.708,164.923,4
79,5UqkQZdEYPLYcn9lWz6gDR,Deus Me Livre - Ao Vivo,Marcos & Belutti,"['sertanejo', 'sertanejo pop', 'sertanejo universitario']",Cumpra-se (Ao Vivo),0NsJZ5PMjqghGDuMzY7CuT,40,205714,False,0.492,0.89,6,-3.145,1,0.0476,0.0955,0,0.629,0.727,157.968,4
80,3d1im1pw3WLuEty2k9XzTr,Clickbait,Niink,['trap brasileiro'],Dos Prédios Deluxe,6MQ7E3HXWR3Djm3miL79mn,76,161344,True,0.899,0.544,0,-6.674,0,0.32,0.391,0,0.138,0.753,119.022,4
81,2T527ULYGny2LL8GGb1Psj,No Papo,Niink,['trap brasileiro'],No Papo,6MQ7E3HXWR3Djm3miL79mn,48,160000,True,0.706,0.562,6,-8.716,0,0.42,0.444,0,0.11,0.634,120.043,4
82,3ZTIOCRNkGxsD60M5bzpcs,Buchanans,Niink,['trap brasileiro'],Buchanans,6MQ7E3HXWR3Djm3miL79mn,43,209454,True,0.738,0.706,10,-3.574,0,0.0341,0.73,0,0.108,0.553,109.945,4
83,6jSI2yaJvWOLp5SWD7TcSt,195' (Beat do Toledo),Niink,['trap brasileiro'],195' (Beat do Toledo),6MQ7E3HXWR3Djm3miL79mn,43,182857,True,0.882,0.482,10,-9.808,0,0.456,0.0746,0,0.113,0.328,125.975,4
84,4nKM5YQLwkfz30hJkMtYjg,9MM,Niink,['trap brasileiro'],Bando do 7,6MQ7E3HXWR3Djm3miL79mn,9,159713,True,0.882,0.667,0,-10.694,1,0.212,0.403,0,0.143,0.704,121.962,4
85,5w7rXR70XiHmt4BZv6TQqD,Top Boy,Niink,['trap brasileiro'],Top Boy,6MQ7E3HXWR3Djm3miL79mn,37,205714,True,0.758,0.749,2,-5.318,0,0.159,0.47,0,0.0965,0.57,140.072,4
86,5Z74eXMUY5d0NARy82j8S2,Se Ela Quer Me Dar,Niink,['trap brasileiro'],Se Ela Quer Me Dar,6MQ7E3HXWR3Djm3miL79mn,33,270000,True,0.712,0.728,1,-3.422,0,0.294,0.402,0,0.0984,0.879,71.891,4
87,1LvwZH5lQ4W49uQTAgyMKB,Mais Que o Dono,Niink,['trap brasileiro'],Mais Que o Dono,6MQ7E3HXWR3Djm3miL79mn,29,175238,True,0.781,0.744,5,-5.177,0,0.247,0.847,0,0.268,0.603,125.752,4
88,1Q5CybPzIYHpSlU2isCAuJ,Narcóticos,Niink,['trap brasileiro'],Space Cowboys,6MQ7E3HXWR3Djm3miL79mn,28,262000,False,0.772,0.364,7,-12.861,0,0.133,0.31,4.26e-06,0.104,0.407,119.915,4
89,2bReNJyh7gPwVvoEXfZNBh,Ligações,Niink,['trap brasileiro'],Ligações,6MQ7E3HXWR3Djm3miL79mn,27,150857,True,0.815,0.821,8,-4.9,1,0.47,0.712,9.37e-06,0.118,0.796,139.962,4
90,77BR4gaUAp3p0uA8UL6HT9,Não Para,Belle Kaffer,[],Não Para,4N2lyAuQF0kXt3UnsN7XZx,82,180923,False,0.892,0.655,7,-7.03,1,0.069,0.116,1.63e-06,0.176,0.764,129.959,4
91,4AHfVXGx5tQp1GCLXHhb4s,Acústico Altamira #7 - Canceriana,Belle Kaffer,[],Acústico Altamira #7 - Canceriana,4N2lyAuQF0kXt3UnsN7XZx,41,235299,False,0.659,0.595,8,-7.956,0,0.0414,0.538,0,0.0844,0.443,93.976,4
92,042XQfHmyyZkV43iWEAeID,Acústico Altamira #11 - Escorpiana,Belle Kaffer,[],Acústico Altamira #11 - Escorpiana,4N2lyAuQF0kXt3UnsN7XZx,41,387869,False,0.667,0.562,11,-7.096,0,0.0877,0.502,0,0.366,0.618,139.766,4
93,4kiMoENayEFxNUhHCmpKGS,Love Acústico 2.0,Belle Kaffer,[],Love Acústico 2.0,4N2lyAuQF0kXt3UnsN7XZx,35,786358,True,0.477,0.499,9,-6.56,1,0.213,0.355,0,0.322,0.473,184.051,4
94,4d9lsFObB7OJ0sAgvuIrmF,Luazul #2: Deixa a Vida Levar (feat. MC Vinny e DaPaz) - Acústico,Belle Kaffer,[],Luazul #2: Deixa a Vida Levar (feat. MC Vinny e DaPaz) [Acústico],4N2lyAuQF0kXt3UnsN7XZx,30,497624,False,0.533,0.497,5,-12.599,1,0.26,0.215,0,0.85,0.508,79.523,4
95,4jGzsG4sX89JnMqX3AmhJV,Acústico Luazul #1,Belle Kaffer,[],Acústico Luazul #1,4N2lyAuQF0kXt3UnsN7XZx,29,354673,False,0.447,0.6,9,-6.676,1,0.142,0.525,0,0.176,0.573,87.848,4
96,6saY7ITDvlbTqug3C2utsa,Chacoalhadão (feat. Taynara Cabral),Belle Kaffer,[],Chacoalhadão (feat. Taynara Cabral),4N2lyAuQF0kXt3UnsN7XZx,28,165106,False,0.782,0.858,11,-3.394,0,0.195,0.214,0,0.249,0.654,159.923,4
97,0xRfoFeWw3XSDjwiwBI435,Replay,Belle Kaffer,[],Replay,4N2lyAuQF0kXt3UnsN7XZx,25,142027,True,0.843,0.723,10,-6.849,0,0.217,0.247,6.64e-06,0.335,0.601,105.17,4
98,0Hf76k5gaRfi15W6paOIQF,Corpo Nú,Belle Kaffer,[],Corpo Nú,4N2lyAuQF0kXt3UnsN7XZx,25,190087,False,0.756,0.808,5,-5.484,0,0.052,0.192,0,0.345,0.45,102.94,4
99,4O3JxXXPemq3dfGCsXWyxh,Madrugada,Belle Kaffer,[],Madrugada,4N2lyAuQF0kXt3UnsN7XZx,25,157456,True,0.655,0.35,7,-12.142,0,0.0395,0.745,0,0.111,0.269,99.97,4
100,0GsvMQftDrIOszte4jP5XK,OQIGAP?,MC Neguinho do Kaxeta,"['funk consciente', 'funk ostentacao', 'funk paulista']",O Que O Igor Guilherme Anda Pensando ?,27mVhYvJa7apj1zCoZ9TF2,66,647040,True,0.705,0.537,11,-5.089,1,0.397,0.222,0,0.0979,0.61,114.683,5
101,7iCvXjYGNFwQd7sK4sOTOW,Flores de Plástico,MC Neguinho do Kaxeta,"['funk consciente', 'funk ostentacao', 'funk paulista']",Flores de Plástico,27mVhYvJa7apj1zCoZ9TF2,66,322000,False,0.682,0.531,5,-4.416,0,0.447,0.307,0,0.0693,0.327,120.391,5
102,6hdBsNsVESpjbnVClbUa3y,Louco e Sonhador,MC Neguinho do Kaxeta,"['funk consciente', 'funk ostentacao', 'funk paulista']",Louco e Sonhador,27mVhYvJa7apj1zCoZ9TF2,65,223951,False,0.599,0.562,1,-4.334,0,0.106,0.143,0,0.131,0.173,95.901,4
103,59BCbQ2Kvp4KKjzVlthjHE,Oração Cantada,MC Neguinho do Kaxeta,"['funk consciente', 'funk ostentacao', 'funk paulista']",Oração Cantada,27mVhYvJa7apj1zCoZ9TF2,62,133500,True,0.848,0.592,7,-4.641,0,0.0965,0.256,0,0.0838,0.919,159.957,4
104,0dyr2vWp1BXPAGRepsCnJQ,Hit do Ano - O Peso da Luta,MC Neguinho do Kaxeta,"['funk consciente', 'funk ostentacao', 'funk paulista']",Hit do Ano - O Peso da Luta,27mVhYvJa7apj1zCoZ9TF2,61,744727,True,0.683,0.429,2,-6.319,0,0.435,0.72,0,0.12,0.416,109.957,5
105,5IHEF3flM0S4w4as6gtGP1,8ª Cypher 4M,MC Neguinho do Kaxeta,"['funk consciente', 'funk ostentacao', 'funk paulista']",8ª Cypher 4M,27mVhYvJa7apj1zCoZ9TF2,59,373200,False,0.917,0.43,5,-5.102,0,0.143,0.217,0,0.23,0.828,113.392,5
106,4tZWBeNBTD3bISTlIN7SpW,Minha Coroa,MC Neguinho do Kaxeta,"['funk consciente', 'funk ostentacao', 'funk paulista']",Minha Coroa,27mVhYvJa7apj1zCoZ9TF2,56,316546,True,0.795,0.537,6,-7.207,0,0.175,0.272,0,0.284,0.719,160.087,4
107,3RZro7YmhfA7RagQ3cuivs,Efeito Colateral,MC Neguinho do Kaxeta,"['funk consciente', 'funk ostentacao', 'funk paulista']",Efeito Colateral,27mVhYvJa7apj1zCoZ9TF2,56,231529,False,0.576,0.5,9,-8.364,0,0.56,0.105,0,0.0686,0.504,169.973,4
108,5hyOXY64Pz2OI5snPY3ZvC,Sou Vitorioso,MC Neguinho do Kaxeta,"['funk consciente', 'funk ostentacao', 'funk paulista']",Sou Vitorioso,27mVhYvJa7apj1zCoZ9TF2,55,236000,False,0.868,0.553,5,-3.5,1,0.214,0.685,0,0.115,0.458,119.905,4
109,71JgQccG2v3zVZJCaKQDsM,Croco 90,MC Neguinho do Kaxeta,"['funk consciente', 'funk ostentacao', 'funk paulista']",Croco 90,27mVhYvJa7apj1zCoZ9TF2,54,223759,False,0.676,0.684,3,-4.908,0,0.451,0.493,0,0.242,0.716,88.375,3
110,27bgMTAq4qTACnE48M3aTH,AMEIANOITE,Pabllo Vittar,"['dance pop', 'funk carioca', 'funk pop', 'pop lgbtq+ brasileira', 'pop nacional']",Noitada,6tzRZ39aZlNqlUzQlkuhDV,60,166013,False,0.78,0.756,2,-5.348,1,0.0784,0.0309,0,0.201,0.408,129.973,4
111,2ip4hxYupn3CSsHjn4l2a8,MODO TURBO,Pabllo Vittar,"['dance pop', 'funk carioca', 'funk pop', 'pop lgbtq+ brasileira', 'pop nacional']",DOCE 22,6tzRZ39aZlNqlUzQlkuhDV,61,150259,True,0.655,0.726,10,-7.628,0,0.0796,0.334,3.13e-06,0.232,0.766,160.064,4
112,4b5rbmik2mSrGo8IvjDUUp,SAL,Pabllo Vittar,"['dance pop', 'funk carioca', 'funk pop', 'pop lgbtq+ brasileira', 'pop nacional']",SAL,6tzRZ39aZlNqlUzQlkuhDV,65,120000,False,0.791,0.771,3,-4.266,1,0.075,0.314,0,0.193,0.494,145.099,4
113,7ziEXnwO7RIRguxSPXP2xs,Sua Cara (feat. Anitta & Pabllo Vittar),Pabllo Vittar,"['dance pop', 'funk carioca', 'funk pop', 'pop lgbtq+ brasileira', 'pop nacional']",Major Lazer Essentials,6tzRZ39aZlNqlUzQlkuhDV,50,167310,False,0.789,0.767,9,-4.612,0,0.0715,0.00812,0.000348,0.101,0.637,99.957,4
114,5jsCH1ydkfz1icE9BabgnZ,Cadeado,Pabllo Vittar,"['dance pop', 'funk carioca', 'funk pop', 'pop lgbtq+ brasileira', 'pop nacional']",Noitada,6tzRZ39aZlNqlUzQlkuhDV,62,168266,False,0.619,0.878,11,-3.717,0,0.0491,0.164,0,0.276,0.613,179.829,4
115,3l7guSk8yRLenAYRQuWGoH,Balinha de Coração,Pabllo Vittar,"['dance pop', 'funk carioca', 'funk pop', 'pop lgbtq+ brasileira', 'pop nacional']",Noitada,6tzRZ39aZlNqlUzQlkuhDV,60,136706,False,0.846,0.752,1,-5.012,1,0.263,0.182,0.000178,0.238,0.8,160.205,4
116,5zSiXA70xM4kuSt6qim6jl,K.O.,Pabllo Vittar,"['dance pop', 'funk carioca', 'funk pop', 'pop lgbtq+ brasileira', 'pop nacional']",Vai Passar Mal,6tzRZ39aZlNqlUzQlkuhDV,58,155654,False,0.689,0.713,11,-4.34,0,0.0398,0.505,0,0.0846,0.922,155.04,4
117,5p3LIyy38s0QQNoSTwbZXX,AmarElo (Sample: Sujeito de Sorte - Belchior),Pabllo Vittar,"['dance pop', 'funk carioca', 'funk pop', 'pop lgbtq+ brasileira', 'pop nacional']",AmarElo,6tzRZ39aZlNqlUzQlkuhDV,56,320800,False,0.552,0.762,8,-6.367,1,0.361,0.0384,8.63e-06,0.0239,0.512,172.086,4
118,0YL54JcZkjr9z6FZJkL81L,Descontrolada,Pabllo Vittar,"['dance pop', 'funk carioca', 'funk pop', 'pop lgbtq+ brasileira', 'pop nacional']",Noitada,6tzRZ39aZlNqlUzQlkuhDV,51,162106,True,0.766,0.806,1,-4.207,1,0.196,0.0449,2.37e-06,0.069,0.358,129.908,4
119,7vpGKEUPrA4UEsS4o4W1tP,Amor de Que,Pabllo Vittar,"['dance pop', 'funk carioca', 'funk pop', 'pop lgbtq+ brasileira', 'pop nacional']",111,6tzRZ39aZlNqlUzQlkuhDV,49,157928,False,0.737,0.819,11,-5.056,0,0.0446,0.0726,0,0.36,0.904,139.988,4
120,0bBwi6ddYeTv5fXgHAdfiH,Evoque Prata,MC MENOR SG,['funk viral'],Evoque Prata,3hXocXy7cs7SZ1JLZUgKBp,79,107076,True,0.872,0.519,7,-4.467,1,0.244,0.306,0,0.276,0.52,86.768,5
121,1ZQM43PYTkjYiqDosIccWb,Evoque Prata - REMIX DJ TOPO,MC MENOR SG,['funk viral'],Evoque Prata (REMIX DJ TOPO),3hXocXy7cs7SZ1JLZUgKBp,53,137538,True,0.95,0.873,1,-3.659,1,0.0601,0.0997,4.28e-05,0.0387,0.869,130.008,4
122,4JwhJ4pqzdZZeGd1DMPJiR,Cara De Putoo,MC MENOR SG,['funk viral'],Cara De Putoo,3hXocXy7cs7SZ1JLZUgKBp,38,132922,True,0.909,0.763,2,-4.877,0,0.29,0.571,0.000212,0.181,0.406,130.119,4
123,4mQ2UZzSH3T4o4Gr9phTgL,Evoque Prata - Remix Funk,MC MENOR SG,['funk viral'],Evoque Prata - Remix Funk,3hXocXy7cs7SZ1JLZUgKBp,35,91083,False,0.898,0.777,1,-3.673,1,0.0904,0.116,9.63e-05,0.0631,0.684,134.874,4
124,5godEwk0nvfifM9zN47Umu,Evoque Prata - Kof Remix,MC MENOR SG,['funk viral'],Evoque Prata (Kof Remix),3hXocXy7cs7SZ1JLZUgKBp,34,110228,True,0.82,0.711,4,-4.586,0,0.116,0.011,0.0132,0.162,0.721,135.115,4
125,3QwMxtL57YO4WFRk9dzroi,Nossa Canção,MC MENOR SG,['funk viral'],Nossa Canção,3hXocXy7cs7SZ1JLZUgKBp,33,131019,False,0.538,0.497,10,-4.29,0,0.123,0.476,0,0.103,0.724,86.823,5
126,2qTPFjv0aawZ00TXFrwkfZ,Set Escobar,MC MENOR SG,['funk viral'],Set Escobar,3hXocXy7cs7SZ1JLZUgKBp,28,251076,True,0.838,0.429,3,-5.335,0,0.0829,0.508,0,0.261,0.523,86.8,3
127,0GiWlnFCAo2reTGPyOsUNw,Só por Essa Noite,MC MENOR SG,['funk viral'],Só por Essa Noite,3hXocXy7cs7SZ1JLZUgKBp,27,193880,False,0.471,0.466,0,-5.194,0,0.145,0.724,9.72e-06,0.201,0.524,82.205,5
128,7vG0XhAknAM05Ree0njjE1,Evoque Prata na Serie Gold - Remix,MC MENOR SG,['funk viral'],Evoque Prata na Serie Gold (Remix),3hXocXy7cs7SZ1JLZUgKBp,26,107777,True,0.726,0.632,4,-10.889,0,0.327,0.224,0,0.626,0.661,135.383,4
129,1TpyU8E4JLlj5wRExefse1,Pretinho de Natal,MC MENOR SG,['funk viral'],Pretinho de Natal,3hXocXy7cs7SZ1JLZUgKBp,24,121846,True,0.915,0.515,1,-4.503,1,0.0567,0.272,0,0.0695,0.606,130.048,4
130,1MgO3fAl4ODVQweg5GR0Lk,Posição de Ataque,Papatinho,"['brazilian hip hop', 'funk carioca']",Posição de Ataque,0iZz25uH5PLaShpqq84uYv,73,149090,False,0.955,0.886,2,-4.235,1,0.195,0.447,0.000489,0.0825,0.497,132.08,4
131,0nDnvGagGAQP5vpgCyS5yH,Amor de Fim de Noite,Papatinho,"['brazilian hip hop', 'funk carioca']",Amor de Fim de Noite,0iZz25uH5PLaShpqq84uYv,55,221142,False,0.472,0.427,7,-9.693,0,0.0664,0.841,0,0.0839,0.692,139.532,4
132,0571RzyEWagSsz0pA45VxJ,Bonita,Papatinho,"['brazilian hip hop', 'funk carioca']",Me Espera,0iZz25uH5PLaShpqq84uYv,64,194821,False,0.494,0.54,4,-9.029,0,0.298,0.696,2e-06,0.112,0.525,167.645,4
133,26i58WAIoKhuTf8TMH6I6C,Modo Avião,Papatinho,"['brazilian hip hop', 'funk carioca']",Me Espera,0iZz25uH5PLaShpqq84uYv,63,179449,False,0.732,0.554,6,-10.117,1,0.134,0.732,0.219,0.102,0.511,109.04,4
134,71fwkaKdNrxiZZbkzSqmFJ,Que Rabão (feat. Mr. Catra e YG),Papatinho,"['brazilian hip hop', 'funk carioca']",Versions of Me,0iZz25uH5PLaShpqq84uYv,62,176193,True,0.874,0.654,0,-5.529,0,0.309,0.197,0,0.182,0.642,150.016,4
135,41sjmSYBlafAQrfcxt5387,Final de Semana,Papatinho,"['brazilian hip hop', 'funk carioca']",Final de Semana,0iZz25uH5PLaShpqq84uYv,60,201682,False,0.795,0.502,4,-5.746,0,0.214,0.676,0,0.52,0.653,129.533,5
136,7fxrvStpH0qyh6iHXoSZ31,"Sem convite (feat. MODÉ$TIA, MC Cabelinho e Yoka)",Papatinho,"['brazilian hip hop', 'funk carioca']",Rio,0iZz25uH5PLaShpqq84uYv,59,247701,False,0.851,0.544,11,-6.428,1,0.13,0.55,0,0.0909,0.723,125.075,4
137,7DDTnzUzUiynlMQwGqWuJz,Sei Lá (Papatracks#7),Papatinho,"['brazilian hip hop', 'funk carioca']",Sei Lá (Papatracks#7),0iZz25uH5PLaShpqq84uYv,58,147326,False,0.66,0.45,2,-7.747,1,0.314,0.577,0.000116,0.156,0.525,101.035,4
138,22QVbHUvRADzcI7sOA7n9i,Deixa eu te contar,Papatinho,"['brazilian hip hop', 'funk carioca']",Me Espera,0iZz25uH5PLaShpqq84uYv,58,200952,False,0.789,0.49,1,-8.267,0,0.508,0.647,1.4e-06,0.101,0.869,126.092,4
139,0nW89XeE8gQfojNJn7PDhx,Quem Me Protege Não Dorme (Papatracks#8),Papatinho,"['brazilian hip hop', 'funk carioca']",Quem Me Protege Não Dorme (Papatracks#8),0iZz25uH5PLaShpqq84uYv,54,211200,False,0.681,0.727,10,-6.108,1,0.443,0.388,0,0.0714,0.566,200.123,4
140,7snnTlaWaN39nfN1PhUaT8,Se Voce Nao Quer Passa a Vez,Mc Delux,"['funk mandelao', 'funk mtg', 'phonk brasileiro']",Se Voce Nao Quer Passa a Vez,3l4fsEzoeabsET7ddv0lZW,77,133846,True,0.956,0.827,9,1.295,1,0.222,0.136,0.000259,0.423,0.614,129.949,4
141,0E0OENqh3jaZ4VpDFTOLGj,EU BEM QUE TE AVISEI - TU EMPINOU ELE PEI,Mc Delux,"['funk mandelao', 'funk mtg', 'phonk brasileiro']",EU BEM QUE TE AVISEI - TU EMPINOU ELE PEI,3l4fsEzoeabsET7ddv0lZW,67,158769,False,0.955,0.659,0,-3.531,0,0.382,0.411,0.00731,0.148,0.495,129.962,4
142,2ErR4TJGUg3pRZZpUmWhiB,Chama o Coveiro,Mc Delux,"['funk mandelao', 'funk mtg', 'phonk brasileiro']",Chama o Coveiro,3l4fsEzoeabsET7ddv0lZW,66,129692,True,0.922,0.781,2,-0.548,1,0.323,0.148,0.00013,0.159,0.57,130.174,4
143,11AJ5imzDdNU0gPLsmwZ9e,Automotivo Sequência Intercelestial Slowed,Mc Delux,"['funk mandelao', 'funk mtg', 'phonk brasileiro']",Intercelestial,3l4fsEzoeabsET7ddv0lZW,64,238631,True,0.708,0.586,7,-7.37,1,0.0916,0.596,0.000974,0.0938,0.299,91.018,4
144,14QFCRFatWrySHli27ohAs,Automotivo Sequência Intercelestial 2.0,Mc Delux,"['funk mandelao', 'funk mtg', 'phonk brasileiro']",Intercelestial,3l4fsEzoeabsET7ddv0lZW,62,228995,True,0.681,0.372,5,-15.282,1,0.241,0.513,0.000238,0.109,0.351,130.027,4
145,3vMtAHfpjCbOxZifDjSzPn,"Era Minha Ex, Com Saudade da Pir0Ca",Mc Delux,"['funk mandelao', 'funk mtg', 'phonk brasileiro']","Era Minha Ex, Com Saudade da Pir0Ca",3l4fsEzoeabsET7ddv0lZW,58,145384,True,0.891,0.489,2,-5.108,1,0.112,0.584,0.00222,0.16,0.468,130.063,4
146,5VUkNfVb58kUWyWoWdbvha,Solteiro Sou Um Perigo,Mc Delux,"['funk mandelao', 'funk mtg', 'phonk brasileiro']",Solteiro Sou Um Perigo,3l4fsEzoeabsET7ddv0lZW,58,168000,False,0.847,0.528,1,-5.255,0,0.0764,0.0874,0.000112,0.126,0.338,129.839,4
147,7e5s6nhpC4oOfDqgdI2SQX,"Deu Meia Noite, Eu Sumi, Geral Soltando Fogos",Mc Delux,"['funk mandelao', 'funk mtg', 'phonk brasileiro']","Deu Meia Noite, Eu Sumi, Geral Soltando Fogos",3l4fsEzoeabsET7ddv0lZW,57,129306,True,0.794,0.708,5,1.257,0,0.0425,0.832,0,0.101,0.804,130.062,4
148,4idG8X4ernXXgilt4jrk0S,Tu Hablas Espanhol,Mc Delux,"['funk mandelao', 'funk mtg', 'phonk brasileiro']",Tu Hablas Espanhol,3l4fsEzoeabsET7ddv0lZW,57,126461,True,0.945,0.849,11,-0.329,0,0.111,0.117,0.00145,0.157,0.92,130.207,4
149,43Nm4QdGDsmWZdBEhmOINq,Magrão Subaquático 2023,Mc Delux,"['funk mandelao', 'funk mtg', 'phonk brasileiro']",Magrão Subaquático 2023,3l4fsEzoeabsET7ddv0lZW,55,151871,True,0.71,0.87,2,-4.265,1,0.0531,0.279,0.287,0.327,0.93,130.144,4
150,3SOiQUQ988zKilwom5t0tS,Rubi,Kawe,"['brazilian hip hop', 'trap brasileiro']",Rubi,1TYJOhNSxMOODWiDVhuyZb,64,207314,True,0.591,0.61,10,-8.537,0,0.361,0.61,0,0.115,0.511,99.842,4
151,08PxSFCTjMjLWiKkS22CAD,Movimento,Kawe,"['brazilian hip hop', 'trap brasileiro']",Levante,1TYJOhNSxMOODWiDVhuyZb,54,198620,False,0.541,0.693,1,-3.886,1,0.37,0.157,0,0.162,0.373,173.986,5
152,0QglpM23kl9ldvVdoYNZwF,Mds,Kawe,"['brazilian hip hop', 'trap brasileiro']",Mds,1TYJOhNSxMOODWiDVhuyZb,64,125142,True,0.886,0.562,6,-5.304,1,0.259,0.259,0,0.121,0.65,140.02,4
153,3HdEOUNuFuoWj06rXpQQ4o,Jovens do Reggae,Kawe,"['brazilian hip hop', 'trap brasileiro']",Jovens do Reggae,1TYJOhNSxMOODWiDVhuyZb,62,183652,True,0.849,0.749,0,-6.916,0,0.0983,0.0641,0,0.0983,0.564,114.993,4
154,20nEdTuTMTPITRyiaPNCnP,Amor Virou Um Prêmio,Kawe,"['brazilian hip hop', 'trap brasileiro']",Levante,1TYJOhNSxMOODWiDVhuyZb,60,219692,False,0.59,0.504,5,-4.33,0,0.216,0.13,0,0.0917,0.429,178.094,4
155,1O80SvOuSakBE2pwTqutv0,SUV,Kawe,"['brazilian hip hop', 'trap brasileiro']",Levante,1TYJOhNSxMOODWiDVhuyZb,60,159874,True,0.797,0.504,0,-7.418,1,0.056,0.518,0,0.102,0.596,120.058,4
156,7gMWTBRgB5CZdNDSuweCyr,Se Essa Bunda,Kawe,"['brazilian hip hop', 'trap brasileiro']",Se Essa Bunda,1TYJOhNSxMOODWiDVhuyZb,60,249125,False,0.946,0.595,1,-7.198,1,0.137,0.183,0,0.0363,0.835,120.009,4
157,5KtC1UhvyfLH5yCLTTfXwm,Favela No Topo,Kawe,"['brazilian hip hop', 'trap brasileiro']",Universo Particular,1TYJOhNSxMOODWiDVhuyZb,60,262200,True,0.892,0.49,8,-7.524,0,0.327,0.219,0,0.112,0.715,125.027,4
158,1tLBXifMqnSqLZrk1Rsl8n,Portugal,Kawe,"['brazilian hip hop', 'trap brasileiro']",Portugal,1TYJOhNSxMOODWiDVhuyZb,58,216642,False,0.846,0.441,9,-9.539,0,0.0796,0.784,0,0.111,0.598,113.018,4
159,3Y3LVTjdbZ35hGLhvYJxAq,Iluminado,Kawe,"['brazilian hip hop', 'trap brasileiro']",Iluminado,1TYJOhNSxMOODWiDVhuyZb,58,200625,True,0.6,0.528,6,-7.713,0,0.434,0.0232,0.000962,0.0998,0.0847,120.115,4
160,6TVmNRrCRzU3NlyuubLIzZ,Amiga da Minha Mulher,Seu Jorge,"['mpb', 'samba-rock']","Musica para Churrasco, Vol. 1",0i1s9WcIu0PrUvHzALgofo,68,248080,False,0.788,0.916,9,-5.152,0,0.121,0.714,0,0.0867,0.828,104.013,4
161,27koTnVKw1VeZZcJAraYbb,Burguesinha,Seu Jorge,"['mpb', 'samba-rock']",Seu Jorge Remix,0i1s9WcIu0PrUvHzALgofo,63,258272,False,0.681,0.935,2,-6.503,1,0.0424,0.593,0.00319,0.339,0.95,101.982,4
162,6Vfcu5p7cPcoVImKJ4gBhI,Mina do Condomínio,Seu Jorge,"['mpb', 'samba-rock']",America Brasil,0i1s9WcIu0PrUvHzALgofo,63,400626,False,0.677,0.868,11,-4.313,0,0.0322,0.594,0,0.0967,0.966,95.994,4
163,2bDc2CMq7MMAURwnMJverx,Felicidade,Seu Jorge,"['mpb', 'samba-rock']","Musica para Churrasco, Vol. 2",0i1s9WcIu0PrUvHzALgofo,62,267413,False,0.549,0.81,2,-6.425,1,0.0398,0.342,0,0.203,0.806,113.819,4
164,6tvnj77OJD0DJTgSIi6fQ3,É Isso Aí (The Blower'S Daughter),Seu Jorge,"['mpb', 'samba-rock']",Ana E Jorge,0i1s9WcIu0PrUvHzALgofo,62,318026,False,0.294,0.321,8,-8.783,1,0.0293,0.638,0,0.947,0.224,107.134,5
165,41sjmSYBlafAQrfcxt5387,Final de Semana,Seu Jorge,"['mpb', 'samba-rock']",Final de Semana,0i1s9WcIu0PrUvHzALgofo,60,201682,False,0.795,0.502,4,-5.746,0,0.214,0.676,0,0.52,0.653,129.533,5
166,7oPB5rRWan5SeijxL94Qmz,Pra Melhorar,Seu Jorge,"['mpb', 'samba-rock']",Portas,0i1s9WcIu0PrUvHzALgofo,54,256613,False,0.589,0.735,4,-5.147,0,0.0592,0.675,0,0.0851,0.641,90.928,4
167,2r4zhMrN1cQEXNWNG2SkXW,Vou Festejar,Seu Jorge,"['mpb', 'samba-rock']","Sambabook Jorge Aragão, Vol. 2",0i1s9WcIu0PrUvHzALgofo,59,199560,False,0.46,0.615,11,-9.581,0,0.0857,0.495,0,0.119,0.823,97.982,3
168,6NV8IxFmG9cPtnZqQwulAy,Clube do Samba,Seu Jorge,"['mpb', 'samba-rock']","Sambabook João Nogueira, 2",0i1s9WcIu0PrUvHzALgofo,56,278853,False,0.614,0.749,11,-9.502,0,0.283,0.375,0,0.666,0.78,105.169,4
169,30lKTJnxHqfD1UeiAn0BLD,São Gonça,Seu Jorge,"['mpb', 'samba-rock']",Ana E Jorge,0i1s9WcIu0PrUvHzALgofo,56,297066,False,0.493,0.537,7,-7.887,1,0.0493,0.781,0,0.982,0.507,109.541,4
170,6owwZC8gUvrBuygvOHaYXb,Mania De Você,Roberto De Carvalho,[],Rita Lee,4w4ll81d0dR8gz989jjko1,68,295106,False,0.628,0.312,7,-13.396,1,0.0321,0.802,1.45e-06,0.101,0.559,124.692,4
171,0rAX31FT5w3ZQbQMUSkxy8,Lança Perfume,Roberto De Carvalho,[],Rita Hits,4w4ll81d0dR8gz989jjko1,67,127840,False,0.843,0.528,4,-12.88,1,0.0473,0.0396,0.0202,0.0594,0.962,127.284,4
172,3cijWAljXxxJDco4N2aLQl,Lança Perfume,Roberto De Carvalho,[],Rita Lee,4w4ll81d0dR8gz989jjko1,63,310760,False,0.827,0.516,9,-11.734,1,0.0578,0.255,0.0901,0.0748,0.71,125.101,4
173,6z9rbTyybj57JXKu6s7uuq,Desculpe O Auê,Roberto De Carvalho,[],Bombom,4w4ll81d0dR8gz989jjko1,60,175400,False,0.665,0.436,7,-14.54,1,0.0301,0.174,0.000471,0.304,0.34,115.058,4
174,1i01coCdrJQTyTkdY0GClx,Saúde,Roberto De Carvalho,[],Saúde,4w4ll81d0dR8gz989jjko1,62,301693,False,0.756,0.538,9,-14.503,1,0.0338,0.193,0.00735,0.0948,0.923,126.236,4
175,0dED0PRBM0fixceBz5s4XR,Baila Comigo,Roberto De Carvalho,[],Rita Lee,4w4ll81d0dR8gz989jjko1,61,330866,False,0.554,0.333,9,-14.614,1,0.0382,0.624,0.000296,0.116,0.634,120.608,4
176,4DIabg0zSDn6xoq810Spqn,Chega Mais,Roberto De Carvalho,[],Rita Lee,4w4ll81d0dR8gz989jjko1,59,234893,False,0.626,0.701,7,-11.025,1,0.127,0.428,0.000927,0.0315,0.899,138.212,4
177,0BhdLRHzJKgzCLS13ltjZL,Flagra,Roberto De Carvalho,[],Flagra,4w4ll81d0dR8gz989jjko1,58,214093,False,0.642,0.611,9,-13.399,1,0.0384,0.0373,1.62e-05,0.364,0.718,132.713,4
178,5toSzfFqh7gfTLGWW3Z8Zv,Doce Vampiro,Roberto De Carvalho,[],Rita Lee,4w4ll81d0dR8gz989jjko1,58,268960,False,0.626,0.493,2,-14.668,1,0.0454,0.366,0.000137,0.0873,0.831,135.481,4
179,1voq70uyXy4i3S1oJP48Hs,Jardins Da Babilônia,Roberto De Carvalho,[],Babilônia,4w4ll81d0dR8gz989jjko1,56,190960,False,0.618,0.701,0,-11.905,1,0.0611,0.072,0,0.0627,0.889,124.449,4
180,5T4lERmPqhO2ukZoGJ5sSr,Sicko Drop,KVSH,"['brazilian edm', 'trance brasileiro']",Sicko Drop,2uGKgNuq7MnKksXiSO6HjB,69,147976,False,0.843,0.713,0,-5.487,1,0.0851,0.0276,0.76,0.0961,0.298,123.983,4
181,0XMl0fVTh3PyPlwyJTn33n,Be Someone (feat. Ray X Ben),KVSH,"['brazilian edm', 'trance brasileiro']",Be Someone (feat. Ray X Ben),2uGKgNuq7MnKksXiSO6HjB,69,166005,True,0.711,0.722,2,-8.438,1,0.202,0.101,1.26e-05,0.628,0.398,120.058,4
182,3xV2M8KBtZDtZp42vJReCH,"Sorri, Sou Rei (KVSH Remix)",KVSH,"['brazilian edm', 'trance brasileiro']","Sorri, Sou Rei (KVSH Remix)",2uGKgNuq7MnKksXiSO6HjB,62,217678,False,0.65,0.774,9,-5.664,0,0.0364,0.0383,1.25e-05,0.13,0.184,123.945,4
183,37zAxyf8mkOLjNBIMFZQUd,"My Neck, My Back",KVSH,"['brazilian edm', 'trance brasileiro']","My Neck, My Back",2uGKgNuq7MnKksXiSO6HjB,60,186754,True,0.79,0.83,9,-6.466,0,0.058,0.267,0.633,0.224,0.821,123.996,4
184,7q4aClIlFcgyVQDACJQdmG,Cante por Nós,KVSH,"['brazilian edm', 'trance brasileiro']",Cante por Nós,2uGKgNuq7MnKksXiSO6HjB,60,209032,False,0.776,0.819,9,-5.213,0,0.057,0.048,0.000325,0.0897,0.735,124.043,4
185,61GOXPwH81y1I7KIfBXHlB,Corocito (Manguelena),KVSH,"['brazilian edm', 'trance brasileiro']",Corocito (Manguelena),2uGKgNuq7MnKksXiSO6HjB,59,173333,False,0.715,0.805,6,-6.544,0,0.0347,0.0148,0.00222,0.0834,0.315,126.086,4
186,1l9gVSPDoWh7jQ89Ad2HIn,Terrified,KVSH,"['brazilian edm', 'trance brasileiro']",Terrified,2uGKgNuq7MnKksXiSO6HjB,58,210874,False,0.737,0.75,11,-7.734,0,0.0358,0.0866,0.000394,0.107,0.388,116.952,4
187,3dTmgecC7MCMbteWjf8Ls7,Can't Get Over You,KVSH,"['brazilian edm', 'trance brasileiro']",Can't Get Over You,2uGKgNuq7MnKksXiSO6HjB,57,142439,False,0.715,0.795,9,-4.619,0,0.0354,0.013,2.27e-05,0.0917,0.348,123.001,4
188,0AxvmNaxYKmO4xPptkKsnZ,Tell It To My Heart (feat. Hozier) - KVSH Remix,KVSH,"['brazilian edm', 'trance brasileiro']",Tell It To My Heart (KVSH Remix),2uGKgNuq7MnKksXiSO6HjB,57,183870,False,0.546,0.593,11,-10.619,0,0.065,0.131,2.62e-05,0.0961,0.153,123.896,4
189,76m2MiAKQvoHsgvwRDPXx5,Bem Melhor - KVSH Remix,KVSH,"['brazilian edm', 'trance brasileiro']",Bem Melhor (KVSH Remix),2uGKgNuq7MnKksXiSO6HjB,57,183431,False,0.789,0.829,11,-6.767,0,0.141,0.0188,0.000813,0.0971,0.577,124.032,4
190,0yDvCGnKcBuv0ltINV0nuu,Infinita Highway - Ao Vivo,Engenheiros Do Hawaii,"['brazilian rock', 'pop rock brasileiro', 'rock gaucho', 'rock nacional brasileiro']",Acústico (Ao Vivo / Deluxe),0GNq4xh8uFCyihPurnunf7,67,258586,False,0.633,0.856,4,-7.662,1,0.042,0.251,0,0.957,0.693,140.155,4
191,1fa1CGNcZTB1HYh4ut8nb3,Até O Fim - Ao Vivo,Engenheiros Do Hawaii,"['brazilian rock', 'pop rock brasileiro', 'rock gaucho', 'rock nacional brasileiro']",Acústico (Ao Vivo / Deluxe),0GNq4xh8uFCyihPurnunf7,64,218933,False,0.635,0.808,4,-7.806,0,0.0262,0.0801,6.2e-05,0.983,0.768,132.134,4
192,5HDlh6UhT3AMQs935wE1qr,"Era um Garoto, Que Como Eu, Amava os Beatles e os Rolling Stones",Engenheiros Do Hawaii,"['brazilian rock', 'pop rock brasileiro', 'rock gaucho', 'rock nacional brasileiro']",O Papa É Pop,0GNq4xh8uFCyihPurnunf7,61,265040,False,0.568,0.7,6,-5.42,1,0.0258,0.0409,7.11e-06,0.0838,0.571,131.885,4
193,78AuK7p3Wj5a1cvIqfX5cp,Refrão De Bolero - Ao Vivo,Engenheiros Do Hawaii,"['brazilian rock', 'pop rock brasileiro', 'rock gaucho', 'rock nacional brasileiro']",Acústico (Ao Vivo / Deluxe),0GNq4xh8uFCyihPurnunf7,61,202920,False,0.32,0.559,11,-8.814,0,0.049,0.606,1.52e-05,0.862,0.257,81.931,4
194,3M8AMfVZ97l2FAPCiWDvoM,O Papa É Pop - Ao Vivo,Engenheiros Do Hawaii,"['brazilian rock', 'pop rock brasileiro', 'rock gaucho', 'rock nacional brasileiro']",Acústico (Ao Vivo / Deluxe),0GNq4xh8uFCyihPurnunf7,60,205800,False,0.656,0.849,4,-7.594,0,0.0556,0.177,5.94e-06,0.975,0.497,98.19,4
195,5shQSAr34JZE03N4YtlMIX,3 X 4 - Ao Vivo,Engenheiros Do Hawaii,"['brazilian rock', 'pop rock brasileiro', 'rock gaucho', 'rock nacional brasileiro']",Acústico (Ao Vivo / Deluxe),0GNq4xh8uFCyihPurnunf7,59,189293,False,0.656,0.599,1,-9.04,0,0.0267,0.0969,1.09e-05,0.974,0.572,120.061,4
196,266WEiJhZI1dNUcOqr7Yzi,Infinita Highway,Engenheiros Do Hawaii,"['brazilian rock', 'pop rock brasileiro', 'rock gaucho', 'rock nacional brasileiro']",A Revolta Dos Dandis,0GNq4xh8uFCyihPurnunf7,59,372093,False,0.654,0.798,9,-9.13,1,0.0332,0.354,8.86e-05,0.136,0.812,138.43,4
197,1ikL8Lemlm3N58ahyLxIvP,Terra de Gigantes,Engenheiros Do Hawaii,"['brazilian rock', 'pop rock brasileiro', 'rock gaucho', 'rock nacional brasileiro']",A Revolta Dos Dandis,0GNq4xh8uFCyihPurnunf7,57,235466,False,0.451,0.254,4,-14.804,1,0.0385,0.784,1.67e-06,0.333,0.393,97.983,4
198,2FP3xfIkR1rUyt5EKN6YsN,Era Um Garoto Que Como Eu Amava Os Beatles E Os Rollings Stones (C'Era Un Ragazzo Che Come Me Amava I Beatles E I Rolling Stones) - Ao Vivo,Engenheiros Do Hawaii,"['brazilian rock', 'pop rock brasileiro', 'rock gaucho', 'rock nacional brasileiro']",Acústico (Ao Vivo / Deluxe),0GNq4xh8uFCyihPurnunf7,56,187806,False,0.674,0.839,5,-8.326,1,0.0849,0.476,2.66e-05,0.693,0.704,146.052,4
199,05ysSyVvvSMqS6gxUPBOco,Somos Quem Podemos Ser - Ao Vivo,Engenheiros Do Hawaii,"['brazilian rock', 'pop rock brasileiro', 'rock gaucho', 'rock nacional brasileiro']",Acústico (Ao Vivo / Deluxe),0GNq4xh8uFCyihPurnunf7,56,204400,False,0.452,0.545,10,-10.014,1,0.0399,0.369,0.0441,0.715,0.642,140.822,3
200,3gx9a8ea1nI0Wym9hJpdbJ,Hino dos Mlks,Caio Passos,['trap funk'],Hino dos Mlks,6zGPa2tLMJ5HQYUddZI8di,73,209032,True,0.66,0.586,5,-5.359,0,0.165,0.313,0,0.104,0.792,92.821,4
201,44U6wTQDkos958gqTbilSw,Balmain,Caio Passos,['trap funk'],Balmain,6zGPa2tLMJ5HQYUddZI8di,70,197500,True,0.654,0.742,0,-5.025,0,0.0448,0.0802,0,0.367,0.453,120.049,4
202,6MFN6SOlKjYelQBTGHrbQ0,Invencível,Caio Passos,['trap funk'],Invencível,6zGPa2tLMJ5HQYUddZI8di,64,212459,False,0.554,0.66,5,-5.677,0,0.2,0.416,0,0.372,0.632,91.434,3
203,5O4dyvMVJaGcxvawaCGQDy,Red Dot,Caio Passos,['trap funk'],Red Dot,6zGPa2tLMJ5HQYUddZI8di,63,128000,True,0.982,0.399,7,-9.033,1,0.0734,0.141,0,0.109,0.496,120.046,4
204,6q4YJfd8aM2VlbTQ0q8XB5,2X,Caio Passos,['trap funk'],"Meu Amigo Diário, Vol. 1 - M.A.D",6zGPa2tLMJ5HQYUddZI8di,61,119172,True,0.924,0.577,5,-7.209,1,0.0802,0.00974,3.9e-06,0.124,0.476,145.003,4
205,70MQQbxMRwawHAKTfLSXvL,"Quem É, Quem É",Caio Passos,['trap funk'],"Quem É, Quem É",6zGPa2tLMJ5HQYUddZI8di,57,176250,True,0.542,0.311,7,-7.745,1,0.342,0.384,0,0.0891,0.294,82.024,5
206,7fiZYdnWf2HOrFCZbX0yEz,Melhor Opção,Caio Passos,['trap funk'],Melhor Opção,6zGPa2tLMJ5HQYUddZI8di,56,220235,False,0.602,0.389,5,-8.774,0,0.617,0.176,0,0.109,0.879,170.024,4
207,4Ncd3fhZsTQxOn9MLz1Yod,Festa dos Cria,Caio Passos,['trap funk'],Festa dos Cria,6zGPa2tLMJ5HQYUddZI8di,51,148000,True,0.872,0.551,6,-6.09,1,0.078,0.258,0,0.194,0.754,120.126,4
208,7dTWdIfi4ywqquu0aJCrad,Vida de Rei,Caio Passos,['trap funk'],Vida de Rei,6zGPa2tLMJ5HQYUddZI8di,51,192863,True,0.788,0.526,5,-6.305,0,0.0592,0.264,0,0.116,0.516,112.017,4
209,5iyWRI5iowiN1oZOthOw3n,D.D,Caio Passos,['trap funk'],MIDNIGHT CALLS,6zGPa2tLMJ5HQYUddZI8di,51,172014,False,0.774,0.444,4,-11.576,0,0.133,0.0654,0,0.0987,0.536,119.981,3
210,54TwNxgRorpA9lsStXcv0k,Caso Indefinido - Ao Vivo,Cristiano Araújo,"['arrocha', 'sertanejo', 'sertanejo universitario']",In The Cities - Ao Vivo Em Cuiabá,4HF14RSTZQcEafvfPCFEpI,69,313266,False,0.59,0.69,1,-6.977,0,0.0364,0.801,0.00296,0.477,0.294,110.013,4
211,1xYEn7AJr4AlTuqXMzUUUe,Tempo Ao Tempo,Cristiano Araújo,"['arrocha', 'sertanejo', 'sertanejo universitario']",Tempo Ao Tempo,4HF14RSTZQcEafvfPCFEpI,67,164021,False,0.715,0.731,9,-4.577,1,0.0674,0.359,0,0.154,0.83,129.855,4
212,1Tditr5KyzStSK3GiO6Xlj,Maus Bocados,Cristiano Araújo,"['arrocha', 'sertanejo', 'sertanejo universitario']",Continua,4HF14RSTZQcEafvfPCFEpI,65,193680,False,0.568,0.837,0,-4.01,1,0.0465,0.269,0,0.11,0.854,174.061,4
213,3b6xjth0vS0xIoad6t6C6G,Não Tenha Dúvida,Cristiano Araújo,"['arrocha', 'sertanejo', 'sertanejo universitario']",Não Tenha Dúvida,4HF14RSTZQcEafvfPCFEpI,62,290661,False,0.425,0.5,9,-7.446,1,0.0774,0.736,0,0.141,0.685,149.889,4
214,07NSyHtBkMt2pb9sJoZxUB,É Com Ela Que Eu Estou - Ao Vivo,Cristiano Araújo,"['arrocha', 'sertanejo', 'sertanejo universitario']",In The Cities - Ao Vivo Em Cuiabá,4HF14RSTZQcEafvfPCFEpI,62,220853,False,0.568,0.804,0,-6.396,1,0.0336,0.639,0,0.514,0.476,113.106,4
215,7wpnz7hje4FbnjZuWQtJHP,Você Mudou,Cristiano Araújo,"['arrocha', 'sertanejo', 'sertanejo universitario']",Ao Vivo Em Goiânia,4HF14RSTZQcEafvfPCFEpI,61,245680,False,0.368,0.705,2,-4.384,1,0.0306,0.25,0,0.823,0.313,144.586,4
216,0dX4hSXKF7yb5D3HQklbrq,Cê Que Sabe - Ao Vivo,Cristiano Araújo,"['arrocha', 'sertanejo', 'sertanejo universitario']",In The Cities - Ao Vivo Em Cuiabá,4HF14RSTZQcEafvfPCFEpI,60,157480,False,0.464,0.93,10,-6.332,1,0.133,0.49,0.00709,0.711,0.343,178.092,4
217,6xNGveFlwGGoyfiESSvsKs,Mente Pra Mim,Cristiano Araújo,"['arrocha', 'sertanejo', 'sertanejo universitario']",Ao Vivo Em Goiânia,4HF14RSTZQcEafvfPCFEpI,60,176373,False,0.618,0.856,11,-3.57,1,0.0688,0.179,0,0.528,0.437,139.752,4
218,5d4aI3amSnykflQSkqxmE4,Caso Indefinido,Cristiano Araújo,"['arrocha', 'sertanejo', 'sertanejo universitario']",Continua,4HF14RSTZQcEafvfPCFEpI,58,215320,False,0.672,0.613,1,-5.333,0,0.0258,0.818,0,0.101,0.587,110.044,4
219,3u5JwV7UmDUgNkgJ4obkpt,Efeitos,Cristiano Araújo,"['arrocha', 'sertanejo', 'sertanejo universitario']",Ao Vivo Em Goiânia,4HF14RSTZQcEafvfPCFEpI,57,201626,False,0.559,0.869,2,-3.257,0,0.0349,0.0767,0,0.943,0.427,139.83,4
220,2dHHgzDwk4BJdRwy9uXhTO,Creepin' (with The Weeknd & 21 Savage),21 Savage,"['atl hip hop', 'hip hop', 'rap', 'trap']",HEROES & VILLAINS,1URnnhqYAYcrqrcwql10ft,95,221520,True,0.715,0.62,1,-6.005,0,0.0484,0.417,0,0.0822,0.172,97.95,4
221,1bDbXMyjaUIooNwFE9wn0N,Rich Flex,21 Savage,"['atl hip hop', 'hip hop', 'rap', 'trap']",Her Loss,1URnnhqYAYcrqrcwql10ft,90,239359,True,0.561,0.52,11,-9.342,0,0.244,0.0503,1.86e-06,0.355,0.424,153.15,3
222,3F5CgOj3wFlRv51JsHbxhe,Jimmy Cooks (feat. 21 Savage),21 Savage,"['atl hip hop', 'hip hop', 'rap', 'trap']","Honestly, Nevermind",1URnnhqYAYcrqrcwql10ft,89,218364,True,0.529,0.673,0,-4.711,1,0.175,0.000307,2.41e-06,0.093,0.366,165.921,4
223,6pcywuOeGGWeOQzdUyti6k,Glock In My Lap,21 Savage,"['atl hip hop', 'hip hop', 'rap', 'trap']",SAVAGE MODE II,1URnnhqYAYcrqrcwql10ft,88,193591,True,0.847,0.733,10,-6.439,0,0.16,0.00574,1.04e-05,0.151,0.202,130.029,4
224,2ZL7WZcjuYKi1KUDtp4kCC,Spin Bout U,21 Savage,"['atl hip hop', 'hip hop', 'rap', 'trap']",Her Loss,1URnnhqYAYcrqrcwql10ft,85,214588,True,0.773,0.701,7,-6.386,1,0.0512,0.01,0,0.163,0.203,129.963,4
225,5SWnsxjhdcEDc7LJjq9UHk,Runnin,21 Savage,"['atl hip hop', 'hip hop', 'rap', 'trap']",SAVAGE MODE II,1URnnhqYAYcrqrcwql10ft,84,195906,True,0.819,0.626,10,-4.574,0,0.202,0.00748,0.101,0.167,0.415,143.01,4
226,4WuOWVnAqvEQxgSRrspBgt,Niagara Falls (Foot or 2) [with Travis Scott & 21 Savage],21 Savage,"['atl hip hop', 'hip hop', 'rap', 'trap']",HEROES & VILLAINS,1URnnhqYAYcrqrcwql10ft,84,207306,True,0.671,0.658,2,-5.567,1,0.309,0.189,8.66e-05,0.147,0.257,87.933,4
227,2BcMwX1MPV6ZHP4tUT9uq6,Knife Talk (with 21 Savage ft. Project Pat),21 Savage,"['atl hip hop', 'hip hop', 'rap', 'trap']",Certified Lover Boy,1URnnhqYAYcrqrcwql10ft,84,242965,True,0.849,0.424,5,-9.579,0,0.324,0.0635,0,0.0834,0.153,145.887,4
228,4muwDurKeVOB1WBjTVRWlD,War Bout It (feat. 21 Savage),21 Savage,"['atl hip hop', 'hip hop', 'rap', 'trap']",Almost Healed,1URnnhqYAYcrqrcwql10ft,84,160202,True,0.732,0.6,6,-9.057,0,0.241,0.00385,0.000114,0.112,0.436,167.973,4
229,50a8bKqlwDEqeiEknrzkTO,ball w/o you,21 Savage,"['atl hip hop', 'hip hop', 'rap', 'trap']",i am > i was,1URnnhqYAYcrqrcwql10ft,83,195046,True,0.892,0.633,8,-7.471,1,0.0902,0.0467,0.000189,0.139,0.459,137.994,4
230,6pQKUKBpwr6GhfhcFFFozo,Não Nasceu pra Namorar,MC Rick,"['funk bh', 'funk carioca', 'funk mtg']",Não Nasceu pra Namorar,1mvpEXClANunyiHFtAXCxt,69,140307,True,0.525,0.448,1,-4.075,0,0.0443,0.14,0,0.0922,0.527,83.406,4
231,3qDr9C2wBjH4seSWhGERvI,Cartel do 900,MC Rick,"['funk bh', 'funk carioca', 'funk mtg']",Cartel do 900,1mvpEXClANunyiHFtAXCxt,66,443076,True,0.722,0.365,8,-9.739,1,0.215,0.027,0,0.083,0.273,71.498,4
232,3HnJEC10c6kk425o1dfe7G,Outro Mundo,MC Rick,"['funk bh', 'funk carioca', 'funk mtg']",Outro Mundo,1mvpEXClANunyiHFtAXCxt,63,145349,False,0.932,0.64,4,-1.874,0,0.135,0.331,2.58e-05,0.223,0.689,129.978,4
233,2kxCo8vUJATmp3sL6L61dv,Plug de São Paulo,MC Rick,"['funk bh', 'funk carioca', 'funk mtg']",Plug de São Paulo,1mvpEXClANunyiHFtAXCxt,57,135725,True,0.86,0.748,7,-9.089,0,0.0405,0.00118,0.000515,0.134,0.578,130.045,4
234,47sUXdeupvW6COIgmOufRx,Deus Me Livre e Guarde,MC Rick,"['funk bh', 'funk carioca', 'funk mtg']",Deus Me Livre e Guarde,1mvpEXClANunyiHFtAXCxt,54,134769,True,0.861,0.418,11,-4.574,0,0.0859,0.315,0,0.0962,0.823,86.556,5
235,3UwiGQuQMTGhwVPQLWqyvM,Mec Mec Tranquilin,MC Rick,"['funk bh', 'funk carioca', 'funk mtg']",Mec Mec Tranquilin,1mvpEXClANunyiHFtAXCxt,54,162429,False,0.828,0.322,9,-10.394,1,0.385,0.445,0,0.112,0.36,86.68,3
236,1D4Jo67A2x8qvAUKu2S12y,Cupido Fdp 2,MC Rick,"['funk bh', 'funk carioca', 'funk mtg']",Cupido Fdp 2,1mvpEXClANunyiHFtAXCxt,53,138461,True,0.728,0.657,1,-1.603,1,0.0557,0.678,0,0.117,0.375,130.218,4
237,1zm82sTS5wVSyOp1Zxo45U,Me Jogou no Lixo,MC Rick,"['funk bh', 'funk carioca', 'funk mtg']",Me Jogou no Lixo,1mvpEXClANunyiHFtAXCxt,53,120973,False,0.919,0.637,7,-4.695,1,0.216,0.426,0,0.0563,0.573,135.048,4
238,6aIhaIRrlYT5xwD9RAquUI,Vou Voltar Nada,MC Rick,"['funk bh', 'funk carioca', 'funk mtg']",Vou Voltar Nada,1mvpEXClANunyiHFtAXCxt,52,136615,True,0.726,0.404,5,-7.816,0,0.293,0.526,0,0.0678,0.78,81.339,5
239,2JYGb7SgIwnoQtWVY9niPJ,Video Não,MC Rick,"['funk bh', 'funk carioca', 'funk mtg']",Video Não,1mvpEXClANunyiHFtAXCxt,52,122307,True,0.926,0.35,0,-6.925,1,0.0904,0.243,0,0.0675,0.479,130.024,4
240,3gYvOU6MJGBS2WNyDTW7Ui,Sobrenome - Ao vivo,Vitinho,"['pagode', 'pagode novo']",Sobrenome (Ao Vivo),09djLPsTydbIFC9duW5mQp,65,192253,False,0.635,0.726,0,-5.501,1,0.0371,0.654,0,0.988,0.729,141.936,4
241,6Bjodqpu1TWVoRFFQ5DtNa,Não Me Vejo Sem Você - Ao Vivo,Vitinho,"['pagode', 'pagode novo']",Não Me Vejo Sem Você (Ao Vivo),09djLPsTydbIFC9duW5mQp,65,202899,False,0.6,0.67,5,-7.062,1,0.033,0.733,0,0.571,0.744,135.833,4
242,6BiA3pX9A2ytJBRO3q1kUQ,Vai Que Cola - Ao Vivo,Vitinho,"['pagode', 'pagode novo']",Retomada (Ao Vivo),09djLPsTydbIFC9duW5mQp,59,222750,False,0.468,0.639,1,-7.618,1,0.0522,0.759,0,0.308,0.798,131.68,4
243,35QVA4aLkkfiooChOruhy6,Sem Perceber - Ao Vivo,Vitinho,"['pagode', 'pagode novo']",Sem Perceber (Ao Vivo),09djLPsTydbIFC9duW5mQp,59,214502,False,0.505,0.75,11,-6.347,1,0.0456,0.737,0,0.95,0.745,75.935,4
244,7zFscGIctVxkUNY8IrmOKH,Daria Tudo - Ao Vivo,Vitinho,"['pagode', 'pagode novo']","Trajetória, Vol. 1 (Ao Vivo)",09djLPsTydbIFC9duW5mQp,57,174301,False,0.555,0.693,0,-5.742,0,0.0403,0.55,0,0.214,0.603,135.943,4
245,0D5Nnj1NdSiF69ZOssTRJP,Conheço Teu Fogo - Ao Vivo,Vitinho,"['pagode', 'pagode novo']",Conheço Teu Fogo (Ao Vivo),09djLPsTydbIFC9duW5mQp,57,217431,False,0.549,0.771,1,-7.835,0,0.0692,0.648,0,0.373,0.804,86.073,4
246,5H4CNCiKB9iuKPz5SkMSOG,Traição - Ao Vivo,Vitinho,"['pagode', 'pagode novo']",Entre Amigos (Ao Vivo),09djLPsTydbIFC9duW5mQp,56,202573,False,0.541,0.815,2,-5.319,1,0.107,0.365,0,0.629,0.702,151.784,4
247,1xz4XGv868XNm160uS0Xs0,Tempo de Aprender,Vitinho,"['pagode', 'pagode novo']",Encontro de Gerações,09djLPsTydbIFC9duW5mQp,52,144490,False,0.557,0.608,2,-7.662,1,0.0634,0.542,0,0.581,0.798,156.347,4
248,49cQG4KjGXlgN5ICgyrdaH,Quando É Amor / Temporal / Meu Jeito de Amar,Vitinho,"['pagode', 'pagode novo']",Respeita Minha História 2,09djLPsTydbIFC9duW5mQp,53,274313,False,0.346,0.648,0,-7.775,1,0.0405,0.746,0,0.134,0.659,163.982,4
249,1eAngYzdxdk0AXNXLjRrxw,Vapo - Ao Vivo,Vitinho,"['pagode', 'pagode novo']","Trajetória, Vol. 1 (Ao Vivo)",09djLPsTydbIFC9duW5mQp,50,168788,False,0.634,0.654,4,-7.383,0,0.113,0.818,0,0.35,0.786,132.036,4
250,4suKHiKiIP8uBmYWRBm3l9,Rap do Zoro: O Maior Espadachim do Mundo (Nerd Hits),7 Minutoz,"['nerdcore brasileiro', 'rap geek']",Rap do Zoro: O Maior Espadachim do Mundo (Nerd Hits),2563ILWHSx52eOxOoi5rJW,61,209984,False,0.648,0.655,1,-5.256,0,0.0406,0.189,0,0.122,0.162,121.017,4
251,3YWdolIwRLOeLbmj5Q9lIO,Rap Da Akatsuki: Os Ninjas Mais Procurados Do Mundo (Nerd Hits),7 Minutoz,"['nerdcore brasileiro', 'rap geek']",Rap Da Akatsuki: Os Ninjas Mais Procurados Do Mundo (Nerd Hits),2563ILWHSx52eOxOoi5rJW,60,591298,False,0.5,0.666,0,-7.784,1,0.124,0.226,0,0.361,0.332,115.996,4
252,1AiQsM4HVi0A3xxrXKvdxu,Rap do Itachi: Essa Dor Que Causei... (NERD HITS),7 Minutoz,"['nerdcore brasileiro', 'rap geek']",Rap do Itachi: Essa Dor Que Causei... (NERD HITS),2563ILWHSx52eOxOoi5rJW,58,192060,False,0.525,0.617,4,-8.081,0,0.0852,0.636,0,0.131,0.336,180.252,4
253,6xcQRc6H2UdTX425C2YzNY,Rap dos Hokages: A Vontade do Fogo (Nerd Hits),7 Minutoz,"['nerdcore brasileiro', 'rap geek']",Rap dos Hokages: A Vontade do Fogo (Nerd Hits),2563ILWHSx52eOxOoi5rJW,58,561495,False,0.468,0.654,5,-6.662,0,0.113,0.373,0,0.342,0.428,125.028,4
254,1KVhPjd3cQ2DiJAUuDYtUe,Rap do Mikey: O Invencível (Nerd Hits),7 Minutoz,"['nerdcore brasileiro', 'rap geek']",Rap do Mikey: O Invencível (Nerd Hits),2563ILWHSx52eOxOoi5rJW,57,244090,True,0.639,0.606,3,-5.864,0,0.07,0.108,0,0.0849,0.676,175.815,4
255,1EZsAKvqFR7xTcMMoFDGTh,Rap do Doflamingo: Um Rei (Nerd Hits),7 Minutoz,"['nerdcore brasileiro', 'rap geek']",Rap do Doflamingo: Um Rei (Nerd Hits),2563ILWHSx52eOxOoi5rJW,56,234808,False,0.785,0.791,4,-5.2,0,0.0464,0.0964,0,0.599,0.219,122.967,4
256,1k0Mtei0Qu87Xg16OMA6md,Rap do Joel e Ellie: Os Últimos de Nós (Nerd Hits),7 Minutoz,"['nerdcore brasileiro', 'rap geek']",Rap do Joel e Ellie: Os Últimos de Nós (Nerd Hits),2563ILWHSx52eOxOoi5rJW,56,209032,False,0.795,0.507,9,-7.678,0,0.044,0.813,0,0.472,0.499,123.96,4
257,0AH0eFTZaQ6V7Qzj3ap7QY,Rap Dos Coringas: Circo Dos Horrores (Nerd Hits),7 Minutoz,"['nerdcore brasileiro', 'rap geek']",Rap Dos Coringas: Circo Dos Horrores (Nerd Hits),2563ILWHSx52eOxOoi5rJW,55,151314,False,0.868,0.648,5,-7.697,0,0.0859,0.532,0,0.202,0.699,114.979,4
258,0k5q18ZExHCN7nymUfpOvr,Rap Do Asta: Eu Vou Ser O Rei Mago (Nerd Hits),7 Minutoz,"['nerdcore brasileiro', 'rap geek']",Rap Do Asta: Eu Vou Ser O Rei Mago (Nerd Hits),2563ILWHSx52eOxOoi5rJW,54,200758,False,0.7,0.76,7,-6.366,0,0.0508,0.582,3.12e-05,0.161,0.691,109.937,4
259,3DUogrKOIh61nskxgmnEXR,"Rap do Broly, Kyuubi e Levi: O Poder da Minha Ira 2 (Nerd Hits)",7 Minutoz,"['nerdcore brasileiro', 'rap geek']","Rap do Broly, Kyuubi e Levi: O Poder da Minha Ira 2 (Nerd Hits)",2563ILWHSx52eOxOoi5rJW,54,168660,False,0.791,0.904,10,-6.075,1,0.36,0.315,0,0.106,0.532,107.948,4
260,7Gk5OrMYaMRtT2JmgJVAfk,Pupila,Vitor Kley,[],Pupila,4FGcERJWMg8ENOLixwF71U,71,202287,False,0.716,0.426,10,-9.576,1,0.128,0.401,0,0.11,0.434,88.794,4
261,1j5N75y26nH2l0uPa9JlKe,O Sol,Vitor Kley,[],Adrenalizou,4FGcERJWMg8ENOLixwF71U,67,211447,False,0.62,0.694,6,-4.253,0,0.0261,0.0303,0,0.117,0.631,97.483,4
262,5UOBna7TimaJuyxB8Dg2jI,Morena,Vitor Kley,[],Adrenalizou,4FGcERJWMg8ENOLixwF71U,63,164560,False,0.574,0.713,0,-4.517,0,0.244,0.0859,0,0.116,0.436,83.363,4
263,45mAusxpKe7DVNT5O2FGah,Morena - Acoustic Version,Vitor Kley,[],Adrenalizou,4FGcERJWMg8ENOLixwF71U,61,165625,False,0.654,0.754,0,-5.646,0,0.0486,0.412,0,0.166,0.746,172.035,4
264,0HG6sEAcdl6XyPT7RT9IHd,Tudo Me Lembra Você,Vitor Kley,[],Tudo Me Lembra Você,4FGcERJWMg8ENOLixwF71U,59,176239,False,0.664,0.594,7,-4.855,0,0.113,0.273,0,0.107,0.71,167.884,4
265,3wBAFUmySuNroiqji8Zdbx,A Tal Canção Pra Lua - Microfonado,Vitor Kley,[],Microfonado,4FGcERJWMg8ENOLixwF71U,58,208982,False,0.663,0.782,0,-4.282,1,0.0279,0.162,0,0.467,0.73,121.895,4
266,4wv5kAIPTucM1bzkijtswa,A Cura,Vitor Kley,[],A Cura,4FGcERJWMg8ENOLixwF71U,58,245195,False,0.573,0.405,4,-9.131,1,0.0362,0.73,0,0.112,0.267,159.936,4
267,3Lh9v1tenzstOMXEwL9Yar,Ainda Vou Morrer por Não Falar,Vitor Kley,[],Ainda Vou Morrer por Não Falar,4FGcERJWMg8ENOLixwF71U,57,192599,False,0.572,0.479,0,-5.461,1,0.029,0.404,0,0.0938,0.375,100.204,4
268,0C8MKUf0FX8sBqzoBM16pk,Adrenalizou,Vitor Kley,[],Adrenalizou,4FGcERJWMg8ENOLixwF71U,57,177393,False,0.662,0.908,9,-4.339,1,0.0309,0.0157,4.49e-05,0.198,0.782,127.044,4
269,5QPj2GvEMAsca12RmRiMoX,Tudo Pah - Casa Filtr,Vitor Kley,[],Tudo Pah (Casa Filtr),4FGcERJWMg8ENOLixwF71U,56,163770,False,0.701,0.671,9,-5.987,1,0.183,0.337,0,0.328,0.501,85.082,4
270,5O2P9iiztwhomNh8xkR9lJ,Night Changes,One Direction,"['boy band', 'pop', 'post-teen pop', 'talent show']",FOUR (Deluxe),4AK6F7OLvEQ5QYCBNiQWHq,90,226600,False,0.672,0.52,8,-7.747,1,0.0353,0.859,0,0.115,0.37,120.001,4
271,4cluDES4hQEUhmXj6TXkSo,What Makes You Beautiful,One Direction,"['boy band', 'pop', 'post-teen pop', 'talent show']",Up All Night,4AK6F7OLvEQ5QYCBNiQWHq,87,199986,False,0.726,0.787,4,-2.494,1,0.0737,0.009,0,0.0596,0.888,124.99,4
272,4nVBt6MZDDP6tRVdQTgxJg,Story of My Life,One Direction,"['boy band', 'pop', 'post-teen pop', 'talent show']",Midnight Memories (Deluxe),4AK6F7OLvEQ5QYCBNiQWHq,85,245493,False,0.6,0.663,3,-5.802,1,0.0477,0.225,0,0.119,0.286,121.07,4
273,1dQQ2QlnvXUehsRUrukKmf,Right Now,One Direction,"['boy band', 'pop', 'post-teen pop', 'talent show']",Midnight Memories (Deluxe),4AK6F7OLvEQ5QYCBNiQWHq,84,200400,False,0.645,0.78,8,-5.165,1,0.0319,0.218,0,0.0919,0.372,120.008,4
274,3JjnGLK8IxkNLvo8Lb3KOM,18,One Direction,"['boy band', 'pop', 'post-teen pop', 'talent show']",FOUR (Deluxe),4AK6F7OLvEQ5QYCBNiQWHq,84,248360,False,0.681,0.582,6,-7.76,0,0.0313,0.22,0,0.119,0.221,124.038,4
275,2Bs4jQEGMycglOfWPBqrVG,Steal My Girl,One Direction,"['boy band', 'pop', 'post-teen pop', 'talent show']",FOUR (Deluxe),4AK6F7OLvEQ5QYCBNiQWHq,82,228133,False,0.536,0.768,10,-5.948,0,0.0347,0.00433,0,0.114,0.545,77.217,4
276,3NLnwwAQbbFKcEcV8hDItk,Perfect,One Direction,"['boy band', 'pop', 'post-teen pop', 'talent show']",Made In The A.M. (Deluxe Edition),4AK6F7OLvEQ5QYCBNiQWHq,81,230333,False,0.647,0.823,2,-5.231,1,0.0762,0.0598,0,0.119,0.396,99.933,4
277,2K87XMYnUMqLcX3zvtAF4G,Drag Me Down,One Direction,"['boy band', 'pop', 'post-teen pop', 'talent show']",Made In The A.M. (Deluxe Edition),4AK6F7OLvEQ5QYCBNiQWHq,81,192120,False,0.73,0.703,0,-5.672,0,0.0369,0.109,0,0.0657,0.595,138.113,4
278,3cKM7UXBZmgjEgEBTkaIlU,Strong,One Direction,"['boy band', 'pop', 'post-teen pop', 'talent show']",Midnight Memories (Deluxe),4AK6F7OLvEQ5QYCBNiQWHq,79,184373,False,0.741,0.663,0,-7.308,1,0.0434,0.0608,0,0.0931,0.338,115.013,4
279,5T7ZFtCcOgkpjxcuaeZbw0,Best Song Ever,One Direction,"['boy band', 'pop', 'post-teen pop', 'talent show']",Midnight Memories (Deluxe),4AK6F7OLvEQ5QYCBNiQWHq,79,200106,False,0.652,0.877,1,-2.986,1,0.0465,0.0227,0,0.0789,0.486,118.491,4
280,0oZrvoCYEbKGCsU7cQqNnw,Imprevisto,Yago Oproprio,[],Imprevisto,7HoPy2YmahCCaYaFSFq497,76,139703,False,0.697,0.588,3,-9.037,0,0.152,0.365,0,0.109,0.511,151.937,4
281,2mgnSTCwWvi61c12eYVGdy,Imprevisto – Speed,Yago Oproprio,[],Imprevisto – Speed,7HoPy2YmahCCaYaFSFq497,64,118666,False,0.713,0.672,11,-8.248,0,0.0797,0.497,0.00031,0.106,0.483,90.082,4
282,2919vhmu3wuoNnUgcZBL6w,Desligado,Yago Oproprio,[],Desligado,7HoPy2YmahCCaYaFSFq497,63,122777,True,0.863,0.488,6,-10.101,0,0.291,0.484,0,0.15,0.744,134.889,4
283,2p9CY7YZIrkZLg4ztUCjZN,Helipa,Yago Oproprio,[],Helipa,7HoPy2YmahCCaYaFSFq497,62,202213,False,0.692,0.427,11,-10.733,0,0.391,0.527,0,0.17,0.542,75.086,4
284,7f3uGk70qlfUrX1n3nvSRC,Mundo da lua,Yago Oproprio,[],O inquilino,7HoPy2YmahCCaYaFSFq497,62,154482,False,0.512,0.482,1,-12.174,1,0.417,0.738,0.00155,0.125,0.555,172.899,4
285,6wb640UDLelevIzL7qjtz2,Tocaia,Yago Oproprio,[],Tocaia,7HoPy2YmahCCaYaFSFq497,61,198400,False,0.841,0.322,9,-11.561,0,0.426,0.84,3.26e-06,0.132,0.352,74.999,4
286,67iXtoPnynomfHLEtcTC18,Amor Incendiário,Yago Oproprio,[],Amor Incendiário,7HoPy2YmahCCaYaFSFq497,61,200015,True,0.697,0.523,6,-11.371,1,0.501,0.637,0,0.109,0.696,78.03,4
287,2deUAR1J7ifbkUQtc46Vx1,Nômade V,Yago Oproprio,[],Nômade V,7HoPy2YmahCCaYaFSFq497,58,189473,False,0.579,0.393,7,-10.577,1,0.378,0.761,0,0.107,0.623,91.535,4
288,574nVoxnwsJdae0bpTPX8B,Rajada,Yago Oproprio,[],Rajada,7HoPy2YmahCCaYaFSFq497,58,237410,False,0.858,0.422,2,-10.226,0,0.237,0.473,6.92e-05,0.11,0.474,138.979,4
289,7aH2ZGBGwilNqY57DOtRRI,Nômade IV,Yago Oproprio,[],Nômade IV,7HoPy2YmahCCaYaFSFq497,57,224615,True,0.786,0.333,6,-12.637,1,0.93,0.488,0,0.105,0.721,77.652,4
290,6eNRGL6Nkdg7RhJtmbcl0j,Luz do Luar,Mc Tato,['funk viral'],Luz do Luar,7lc98VPDdogFv3eLfCX7sq,80,184615,True,0.627,0.754,3,-2.505,0,0.0298,0.437,0,0.0963,0.786,130.128,4
291,6wZYZIJRbB4Dilfkz8o5ZN,Não Me Esqueço,Mc Tato,['funk viral'],Não Me Esqueço,7lc98VPDdogFv3eLfCX7sq,65,167313,True,0.64,0.467,4,-4.747,0,0.14,0.209,0,0.233,0.509,128.995,4
292,55ioZa68WnT30H7KmDYInv,Luz do Luar,Mc Tato,['funk viral'],Luz do Luar,7lc98VPDdogFv3eLfCX7sq,60,180923,False,0.595,0.732,3,-2.545,0,0.0299,0.432,4.96e-06,0.0964,0.814,129.942,4
293,1PHEPTDum1xZwHHKj0snTT,Os Menor Não Para,Mc Tato,['funk viral'],Os Menor Não Para,7lc98VPDdogFv3eLfCX7sq,55,199384,True,0.545,0.537,8,-5.386,0,0.0658,0.312,0,0.12,0.682,84.0,5
294,0eP5hxMBIiSGkYO3BjIrGl,Cobiçada,Mc Tato,['funk viral'],Cobiçada,7lc98VPDdogFv3eLfCX7sq,55,195692,True,0.527,0.418,10,-13.766,0,0.117,0.181,0,0.0928,0.789,61.091,4
295,5aMcm67ePTw7ABnOsTchlL,Close,Mc Tato,['funk viral'],Close,7lc98VPDdogFv3eLfCX7sq,55,156923,True,0.585,0.629,2,-3.271,1,0.0915,0.202,9.89e-06,0.0832,0.55,85.334,5
296,47sUXdeupvW6COIgmOufRx,Deus Me Livre e Guarde,Mc Tato,['funk viral'],Deus Me Livre e Guarde,7lc98VPDdogFv3eLfCX7sq,54,134769,True,0.861,0.418,11,-4.574,0,0.0859,0.315,0,0.0962,0.823,86.556,5
297,5z3fGZrLCWVqiYBOYqdhVR,Imaturidade,Mc Tato,['funk viral'],Imaturidade,7lc98VPDdogFv3eLfCX7sq,52,171162,True,0.587,0.437,1,-4.796,0,0.0773,0.127,1.42e-05,0.0766,0.108,85.596,5
298,1xsEtRtZoTYgrEZTZ5iW55,Vestido de Veludo,Mc Tato,['funk viral'],Vestido de Veludo,7lc98VPDdogFv3eLfCX7sq,47,177230,True,0.482,0.495,7,-4.374,0,0.0973,0.524,0,0.0993,0.603,81.188,5
299,4DrO6WCVCCQpJrwr9ZfpJN,Acho Que Eu Tô Apaixonado,Mc Tato,['funk viral'],Acho Que Eu Tô Apaixonado,7lc98VPDdogFv3eLfCX7sq,47,136062,False,0.619,0.626,6,-1.978,0,0.268,0.641,0,0.088,0.418,85.147,5
300,6if0nGBANNPsIOYEk0LCKN,Pintinho Amarelinho,Galinha Pintadinha,['musica infantil'],"Galinha Pintadinha, Vol. 1",070CnHC2iZh5oLpyWYPf8h,65,103120,False,0.89,0.728,2,-5.119,1,0.0369,0.586,0,0.0883,0.964,142.952,4
301,46ZZp5Jg5hyngkogBXtDJs,Roda Roda Roda,Galinha Pintadinha,['musica infantil'],"Galinha Pintadinha, Vol. 3",070CnHC2iZh5oLpyWYPf8h,62,83893,False,0.971,0.452,9,-8.872,1,0.0507,0.189,3e-05,0.571,0.771,115.012,4
302,5AOZk1xNIFRJLXG8J9XVr7,Borboletinha,Galinha Pintadinha,['musica infantil'],"Galinha Pintadinha, Vol. 2",070CnHC2iZh5oLpyWYPf8h,61,104013,False,0.875,0.478,7,-6.961,1,0.0484,0.613,0,0.332,0.963,121.143,4
303,00CN9MC8MoZtv3xiSdBncX,Brilha Brilha Estrelinha,Galinha Pintadinha,['musica infantil'],"Galinha Pintadinha, Vol. 4",070CnHC2iZh5oLpyWYPf8h,61,134386,False,0.236,0.238,0,-10.292,1,0.0446,0.815,4.17e-06,0.31,0.107,41.293,4
304,2Vg41dvYhXmT55K5Ee5rTu,Galinha Pintadinha,Galinha Pintadinha,['musica infantil'],"Galinha Pintadinha, Vol. 1",070CnHC2iZh5oLpyWYPf8h,61,107666,False,0.946,0.374,11,-9.746,1,0.0838,0.935,0.0144,0.0881,0.948,100.04,4
305,3uT22GK4OuP2op103sGC4s,O Sapo Não Lava o Pé,Galinha Pintadinha,['musica infantil'],"Galinha Pintadinha, Vol. 1",070CnHC2iZh5oLpyWYPf8h,59,115746,False,0.916,0.492,11,-6.393,0,0.0972,0.886,0,0.294,0.879,101.031,4
306,4IOmEdA4X06U8z1vc9DagY,Dona Aranha,Galinha Pintadinha,['musica infantil'],"Galinha Pintadinha, Vol. 3",070CnHC2iZh5oLpyWYPf8h,59,133800,False,0.921,0.736,5,-9.252,0,0.0372,0.167,0,0.272,0.924,131.039,4
307,3aEReodIzB0ujzSFPWPaow,Nana Neném,Galinha Pintadinha,['musica infantil'],Caixinha de Música Galinha Pintadinha,070CnHC2iZh5oLpyWYPf8h,59,141709,False,0.757,0.0242,0,-16.43,1,0.159,0.298,6e-05,0.11,0.568,118.543,4
308,1b6KiXmQwC6nE1Mu4PKqnz,Marcha Soldado,Galinha Pintadinha,['musica infantil'],"Galinha Pintadinha, Vol. 1",070CnHC2iZh5oLpyWYPf8h,56,80400,False,0.931,0.787,10,-5.199,1,0.0413,0.31,3.59e-05,0.0701,0.964,120.652,4
309,5Odthf0CRIysullhulo7gg,A Baratinha,Galinha Pintadinha,['musica infantil'],"Galinha Pintadinha, Vol. 1",070CnHC2iZh5oLpyWYPf8h,58,211000,False,0.839,0.756,0,-6.769,1,0.0366,0.438,2.27e-06,0.276,0.979,134.022,4
310,2YT8DZ2sF0LFRNwu9b8s5L,Erro Que dá Certo,Thiago Aquino,['arrocha'],Erro Que dá Certo,7yPoxj2lXWy7J4ixQHVubk,74,176183,False,0.799,0.634,5,-5.889,1,0.042,0.586,0,0.175,0.75,136.985,4
311,676e0h0b8CrSAWZItVq6cr,Cuidado - Ao Vivo,Thiago Aquino,['arrocha'],Cuidado (Ao Vivo),7yPoxj2lXWy7J4ixQHVubk,60,188898,False,0.624,0.76,11,-3.904,1,0.212,0.617,0,0.916,0.641,134.74,4
312,6wW7anTPsV6yNguUKHBxFK,Despertador - Ao Vivo,Thiago Aquino,['arrocha'],Despertador (Ao Vivo),7yPoxj2lXWy7J4ixQHVubk,56,181924,False,0.688,0.694,0,-5.243,1,0.0587,0.615,0,0.735,0.413,129.802,4
313,5DNzr9znAlEaodcKMjlnpf,Infelizes Para Sempre - Ao Vivo,Thiago Aquino,['arrocha'],"Com Amor Kevi Jonny (Ao Vivo, Em Goiânia)",7yPoxj2lXWy7J4ixQHVubk,54,157630,False,0.646,0.863,0,-4.166,0,0.202,0.612,0,0.393,0.629,128.146,4
314,7H5rbWMGDJsbazm7pw8DBP,Cisco no Olho,Thiago Aquino,['arrocha'],Cisco no Olho,7yPoxj2lXWy7J4ixQHVubk,55,192631,False,0.763,0.658,1,-3.421,1,0.0767,0.612,0,0.264,0.804,133.054,4
315,5ucOQ82GoaUohczmcSO70i,Chip Novo,Thiago Aquino,['arrocha'],Pra Beber que nem Opala,7yPoxj2lXWy7J4ixQHVubk,53,259200,True,0.846,0.73,5,-1.667,0,0.123,0.516,0,0.0972,0.822,137.993,4
316,2UyOR9KsaSa59ZHHrSGCtY,Até a proxima vida,Thiago Aquino,['arrocha'],Pedrada 5.0 (Atômico),7yPoxj2lXWy7J4ixQHVubk,53,168432,False,0.698,0.857,4,-2.016,0,0.174,0.59,0,0.127,0.886,134.116,4
317,2TZUaS9jesx6xdWimmv6Rx,Litro de Rum - Ao Vivo,Thiago Aquino,['arrocha'],Litro de Rum (Ao Vivo),7yPoxj2lXWy7J4ixQHVubk,52,168270,False,0.68,0.727,7,-2.513,0,0.142,0.656,0,0.672,0.649,132.965,4
318,3eTBmdH1NGRwgZZnsGK7gX,Chá de Sumiço - Ao Vivo,Thiago Aquino,['arrocha'],Chá de Sumiço (Ao Vivo),7yPoxj2lXWy7J4ixQHVubk,52,179130,False,0.701,0.766,8,-4.077,1,0.053,0.507,0,0.119,0.568,138.052,4
319,5smLC2i4CJPxxUb27LwVbo,Casamento cancelado,Thiago Aquino,['arrocha'],Só Pedrada 4.0 Meteórico,7yPoxj2lXWy7J4ixQHVubk,50,188232,False,0.732,0.732,6,-4.305,1,0.0679,0.677,1.03e-06,0.405,0.631,134.995,4
320,4kLLWz7srcuLKA7Et40PQR,I Gotta Feeling,Black Eyed Peas,"['dance pop', 'pop', 'pop rap']",THE E.N.D. (THE ENERGY NEVER DIES) [Deluxe Version],1yxSLGMDHlW21z4YXirZDS,84,289133,False,0.743,0.766,0,-6.375,1,0.0265,0.0873,0,0.509,0.61,127.96,4
321,0xmjwnQ3FNE6HuWCt2nHdZ,Where Is The Love?,Black Eyed Peas,"['dance pop', 'pop', 'pop rap']",Elephunk,1yxSLGMDHlW21z4YXirZDS,82,272533,False,0.834,0.699,5,-3.222,1,0.178,0.111,0,0.131,0.809,94.086,4
322,0YJW8OXw8G1xDfkzaID3vv,DON'T YOU WORRY,Black Eyed Peas,"['dance pop', 'pop', 'pop rap']",ELEVATION,1yxSLGMDHlW21z4YXirZDS,73,194437,False,0.831,0.868,11,-5.282,1,0.0325,0.176,0,0.184,0.483,131.971,4
323,2ygMBIctKIAfbEBcT9065L,Pump It,Black Eyed Peas,"['dance pop', 'pop', 'pop rap']",Monkey Business,1yxSLGMDHlW21z4YXirZDS,79,213066,True,0.648,0.931,1,-3.15,0,0.181,0.00937,0,0.752,0.744,153.649,4
324,3F9ByoUqu31xU0I3G5xfVg,Meet Me Halfway,Black Eyed Peas,"['dance pop', 'pop', 'pop rap']",THE E.N.D. (THE ENERGY NEVER DIES) [Deluxe Version],1yxSLGMDHlW21z4YXirZDS,76,284373,False,0.798,0.629,11,-6.857,0,0.0735,0.00474,2.17e-05,0.324,0.4,130.0,4
325,3JA9Jsuxr4xgHXEawAdCp4,Just Can’t Get Enough,Black Eyed Peas,"['dance pop', 'pop', 'pop rap']",The Beginning,1yxSLGMDHlW21z4YXirZDS,79,219426,False,0.659,0.628,0,-8.685,0,0.179,0.186,0,0.105,0.262,94.05,4
326,4GCDX1A3tNGauj5FJfQfvy,BAILAR CONTIGO,Black Eyed Peas,"['dance pop', 'pop', 'pop rap']",ELEVATION,1yxSLGMDHlW21z4YXirZDS,67,223352,True,0.825,0.773,1,-5.234,1,0.0566,0.299,0.382,0.0912,0.511,125.005,4
327,5NyS3oxTlos3Agl2YtZwrC,RITMO (Bad Boys For Life),Black Eyed Peas,"['dance pop', 'pop', 'pop rap']",TRANSLATION,1yxSLGMDHlW21z4YXirZDS,66,214854,True,0.732,0.716,10,-6.968,0,0.0561,0.0295,0.000758,0.73,0.666,105.093,4
328,1zLBsSVxETQOfINOLYvT5m,GIRL LIKE ME,Black Eyed Peas,"['dance pop', 'pop', 'pop rap']",TRANSLATION,1yxSLGMDHlW21z4YXirZDS,75,222522,True,0.965,0.485,2,-8.784,1,0.191,0.0206,0.0237,0.0655,0.312,124.025,4
329,20jYtEun4dUdYZ9foaOC48,My Humps,Black Eyed Peas,"['dance pop', 'pop', 'pop rap']",Monkey Business,1yxSLGMDHlW21z4YXirZDS,71,326960,False,0.802,0.682,1,-5.924,0,0.222,0.111,1.39e-05,0.109,0.586,123.95,4
330,1iaPDgTbsKrlznVu13EWIf,ESSÊNCIA DE CRIA,Bielzin,['trap brasileiro'],LITTLE HAIR,2vWGxqWbGgmgxVDZ5CBvBP,73,192194,True,0.631,0.743,3,-5.317,0,0.299,0.386,0,0.0862,0.766,102.894,3
331,0wRn3ggAY1fIupTaVigdza,A Cara do Crime (Nós Incomoda),Bielzin,['trap brasileiro'],A Cara do Crime (Nós Incomoda),2vWGxqWbGgmgxVDZ5CBvBP,69,302117,True,0.623,0.656,9,-3.662,0,0.229,0.288,0,0.105,0.576,112.823,5
332,3fSxnkjdgPucRCskjmAlgx,A Cara do Crime 3 (Brinde à Liberdade),Bielzin,['trap brasileiro'],A Cara do Crime 3 (Brinde à Liberdade),2vWGxqWbGgmgxVDZ5CBvBP,67,300689,True,0.616,0.591,11,-4.298,0,0.318,0.284,0,0.0791,0.704,173.817,4
333,7KPhwNko8V9vYBIN653hSO,A Cara do Crime 2 (Cansou de Playboy),Bielzin,['trap brasileiro'],A Cara do Crime 2 (Cansou de Playboy),2vWGxqWbGgmgxVDZ5CBvBP,64,265411,True,0.736,0.647,10,-2.843,0,0.324,0.233,0,0.198,0.5,85.126,4
334,5X4PNc9g7KIQSRk4crioOO,Pesadão,Bielzin,['trap brasileiro'],O Sábio,2vWGxqWbGgmgxVDZ5CBvBP,62,229830,True,0.832,0.597,5,-5.973,1,0.18,0.117,0,0.198,0.766,118.12,4
335,7zcQ56JRoNd4JAwGKcrxiZ,Sigo na Fé do Pai,Bielzin,['trap brasileiro'],Sigo na Fé do Pai,2vWGxqWbGgmgxVDZ5CBvBP,59,264827,False,0.499,0.762,6,-4.163,0,0.453,0.141,0,0.0988,0.622,173.262,4
336,4FOf88scN5qTRGXc55tGJ0,Assault (Rio),Bielzin,['trap brasileiro'],Assault (Rio),2vWGxqWbGgmgxVDZ5CBvBP,57,324016,True,0.554,0.603,4,-6.904,0,0.121,0.522,0,0.126,0.399,80.564,5
337,63HYpMDcQo0Fryhmje08Bl,Salve A Favela,Bielzin,['trap brasileiro'],Salve A Favela,2vWGxqWbGgmgxVDZ5CBvBP,57,300000,False,0.545,0.316,1,-13.702,1,0.57,0.653,0,0.0791,0.421,125.881,4
338,0ZbPY7gyaPOFKw1rNwdDyi,Malandrex,Bielzin,['trap brasileiro'],Malandrex,2vWGxqWbGgmgxVDZ5CBvBP,55,256000,False,0.562,0.542,6,-6.764,0,0.343,0.632,0,0.186,0.769,178.794,4
339,5qRsVhm4Q4Dbo7NZVahVh1,Deixa os Meninos Voar,Bielzin,['trap brasileiro'],Deixa os Meninos Voar,2vWGxqWbGgmgxVDZ5CBvBP,53,181333,False,0.636,0.565,6,-6.333,0,0.184,0.114,0,0.155,0.377,89.246,4
340,5UWwZ5lm5PKu6eKsHAGxOk,Everlong,Foo Fighters,"['alternative metal', 'alternative rock', 'modern rock', 'permanent wave', 'post-grunge', 'rock']",The Colour And The Shape,7jy3rLJdDQY21OgRLCZ9sD,86,250546,False,0.413,0.881,11,-5.541,0,0.0367,5.99e-05,0.000308,0.0805,0.364,158.066,4
341,7x8dCjCr0x6x2lXKujYD34,The Pretender,Foo Fighters,"['alternative metal', 'alternative rock', 'modern rock', 'permanent wave', 'post-grunge', 'rock']","Echoes, Silence, Patience & Grace",7jy3rLJdDQY21OgRLCZ9sD,81,269373,False,0.433,0.959,9,-4.04,1,0.0431,0.000917,0,0.028,0.365,172.984,4
342,5OQsiBsky2k2kDKy2bX2eT,Learn to Fly,Foo Fighters,"['alternative metal', 'alternative rock', 'modern rock', 'permanent wave', 'post-grunge', 'rock']",There Is Nothing Left To Lose,7jy3rLJdDQY21OgRLCZ9sD,79,235293,False,0.465,0.919,4,-4.025,1,0.0408,1.83e-05,2.07e-05,0.262,0.537,135.997,4
343,5FZxsHWIvUsmSK1IAvm2pp,Best of You,Foo Fighters,"['alternative metal', 'alternative rock', 'modern rock', 'permanent wave', 'post-grunge', 'rock']",In Your Honor,7jy3rLJdDQY21OgRLCZ9sD,78,255626,False,0.366,0.94,1,-5.119,0,0.0696,0.000769,9.42e-05,0.188,0.369,130.198,4
344,4dVbhS6OiYvFikshyaQaCN,My Hero,Foo Fighters,"['alternative metal', 'alternative rock', 'modern rock', 'permanent wave', 'post-grunge', 'rock']",The Colour And The Shape,7jy3rLJdDQY21OgRLCZ9sD,78,260026,False,0.398,0.927,9,-4.212,1,0.0567,6.2e-05,0.000177,0.0575,0.311,77.106,4
345,6tsojOQ5wHaIjKqIryLZK6,All My Life,Foo Fighters,"['alternative metal', 'alternative rock', 'modern rock', 'permanent wave', 'post-grunge', 'rock']",One By One (Expanded Edition),7jy3rLJdDQY21OgRLCZ9sD,75,263440,False,0.577,0.604,5,-5.703,1,0.0495,0.000218,0.000579,0.477,0.637,167.719,4
346,3nDstVXtr6xbCZKs5Ka2rZ,Rescued,Foo Fighters,"['alternative metal', 'alternative rock', 'modern rock', 'permanent wave', 'post-grunge', 'rock']",But Here We Are,7jy3rLJdDQY21OgRLCZ9sD,66,258648,False,0.274,0.956,4,-4.978,1,0.0814,1.37e-05,1.33e-06,0.117,0.339,150.207,4
347,6vWu5uWlox5TVDPl3LvoG3,Under You,Foo Fighters,"['alternative metal', 'alternative rock', 'modern rock', 'permanent wave', 'post-grunge', 'rock']",But Here We Are,7jy3rLJdDQY21OgRLCZ9sD,65,219400,False,0.263,0.977,9,-2.913,1,0.0857,5.16e-06,0,0.148,0.305,149.982,4
348,67vYdAAM3oGsEImCRfbtsF,Times Like These,Foo Fighters,"['alternative metal', 'alternative rock', 'modern rock', 'permanent wave', 'post-grunge', 'rock']",One By One (Expanded Edition),7jy3rLJdDQY21OgRLCZ9sD,73,265560,False,0.376,0.908,4,-3.793,0,0.0879,1.4e-05,1.4e-05,0.241,0.266,144.581,4
349,44wXefe8WB9Fd6xwtmAwbR,Monkey Wrench,Foo Fighters,"['alternative metal', 'alternative rock', 'modern rock', 'permanent wave', 'post-grunge', 'rock']",The Colour And The Shape,7jy3rLJdDQY21OgRLCZ9sD,72,231480,False,0.401,0.953,4,-4.276,1,0.0752,1.83e-05,2.56e-05,0.149,0.555,174.217,4
350,3FNy4yzOhHhFBeA5p4ofoq,"Young, Wild & Free (feat. Bruno Mars)",Snoop Dogg,"['g funk', 'gangster rap', 'hip hop', 'pop rap', 'rap', 'west coast rap']","Young, Wild & Free (feat. Bruno Mars)",7hJcb9fa4alzcOq3EaNPoG,73,207346,False,0.553,0.652,0,-6.685,1,0.206,0.0897,0,0.111,0.551,94.505,4
351,5Tbpp3OLLClPJF8t1DmrFD,"Nuthin' But A ""G"" Thang",Snoop Dogg,"['g funk', 'gangster rap', 'hip hop', 'pop rap', 'rap', 'west coast rap']",The Chronic,7hJcb9fa4alzcOq3EaNPoG,80,237573,True,0.669,0.821,11,-4.37,0,0.29,0.00182,0,0.147,0.684,94.895,4
352,2NBQmPrOEEjA8VbeWOQGxO,Drop It Like It's Hot,Snoop Dogg,"['g funk', 'gangster rap', 'hip hop', 'pop rap', 'rap', 'west coast rap']",R&G (Rhythm & Gangsta): The Masterpiece,7hJcb9fa4alzcOq3EaNPoG,79,266066,True,0.888,0.632,1,-3.872,1,0.219,0.19,0,0.101,0.662,91.979,4
353,0xzI1KAr0Yd9tv8jlIk3sn,Bad Decisions (with BTS & Snoop Dogg),Snoop Dogg,"['g funk', 'gangster rap', 'hip hop', 'pop rap', 'rap', 'west coast rap']",Bad Decisions (with BTS & Snoop Dogg),7hJcb9fa4alzcOq3EaNPoG,78,172714,False,0.762,0.861,0,-3.296,1,0.0955,0.0185,0,0.264,0.955,120.048,4
354,39QBkWKnap8wRSW4WB9OK0,Gin and Juice,Snoop Dogg,"['g funk', 'gangster rap', 'hip hop', 'pop rap', 'rap', 'west coast rap']",Doggystyle,7hJcb9fa4alzcOq3EaNPoG,77,211866,True,0.603,0.762,4,-7.744,0,0.285,0.0953,1.53e-05,0.478,0.379,94.726,4
355,0eO8MW9YSTK3CjdaTYKlhF,Who Am I (What’s My Name)?,Snoop Dogg,"['g funk', 'gangster rap', 'hip hop', 'pop rap', 'rap', 'west coast rap']",Doggystyle,7hJcb9fa4alzcOq3EaNPoG,75,246200,True,0.734,0.735,7,-6.201,1,0.065,0.000813,3.25e-05,0.559,0.729,96.806,4
356,4gcL8Bmh2FWWgxmsJGV6S0,2 of Americaz Most Wanted,Snoop Dogg,"['g funk', 'gangster rap', 'hip hop', 'pop rap', 'rap', 'west coast rap']",Workout Playlist,7hJcb9fa4alzcOq3EaNPoG,49,242466,True,0.853,0.876,1,-3.602,1,0.13,0.0427,0.00137,0.0501,0.832,99.248,4
357,7FrJV8tydWEv1Mxu2mIQrm,Beautiful,Snoop Dogg,"['g funk', 'gangster rap', 'hip hop', 'pop rap', 'rap', 'west coast rap']",Paid Tha Cost To Be Da Bo$$,7hJcb9fa4alzcOq3EaNPoG,69,298306,True,0.907,0.695,11,-6.268,0,0.135,0.246,0,0.0808,0.961,101.007,4
358,0R7YVi7w41Dr9jU5vblAok,Sweat - Remix,Snoop Dogg,"['g funk', 'gangster rap', 'hip hop', 'pop rap', 'rap', 'west coast rap']",Sweat (Snoop Dogg Vs. David Guetta) [Remix],7hJcb9fa4alzcOq3EaNPoG,72,195986,False,0.813,0.732,7,-5.636,1,0.03,0.0597,0.00137,0.0826,0.731,130.02,4
359,6CPAznSrkDmiPBgLXoi00f,From The D 2 The LBC (with Snoop Dogg),Snoop Dogg,"['g funk', 'gangster rap', 'hip hop', 'pop rap', 'rap', 'west coast rap']",Curtain Call 2,7hJcb9fa4alzcOq3EaNPoG,61,213745,True,0.718,0.768,7,-7.87,1,0.25,0.0988,0,0.0957,0.591,164.038,4
360,6njzueGON26Kj3dy0wQUxs,Lana,kamaitachi,['musica triste brasileira'],Lana,1ISc8zhrqxd5WrJMkMMLSm,63,171942,False,0.872,0.474,8,-8.538,0,0.0599,0.74,0,0.232,0.793,120.974,4
361,6QlotyGlpPfEX4eGsvbhCh,Julieta,kamaitachi,['musica triste brasileira'],Julieta,1ISc8zhrqxd5WrJMkMMLSm,61,156154,False,0.526,0.476,8,-9.148,1,0.0429,0.126,0,0.0977,0.356,104.747,4
362,1wFqkTWlyl79UfFQOSRU9b,Cabelos Arco-Íris,kamaitachi,['musica triste brasileira'],Homem Torto,1ISc8zhrqxd5WrJMkMMLSm,60,104882,False,0.605,0.0602,5,-21.301,1,0.182,0.984,1.76e-05,0.0957,0.425,115.109,4
363,1vVSHlIG32FEqQjZd61oQP,Morgana,kamaitachi,['musica triste brasileira'],Morgana,1ISc8zhrqxd5WrJMkMMLSm,59,147600,False,0.572,0.399,1,-8.762,1,0.185,0.742,0,0.161,0.713,93.745,4
364,4ZREaPhlA5mqZMFTSQBfzw,Perfume,kamaitachi,['musica triste brasileira'],Perfume,1ISc8zhrqxd5WrJMkMMLSm,58,204088,False,0.558,0.247,2,-10.607,0,0.0545,0.888,0,0.188,0.669,85.445,4
365,1Mt9t8HeHtqXFktUYATbdS,Alice,kamaitachi,['musica triste brasileira'],Alice,1ISc8zhrqxd5WrJMkMMLSm,57,205818,False,0.413,0.597,10,-6.784,0,0.0351,0.104,0,0.226,0.559,119.972,4
366,0vPdgRzDiARUkiGO81iPKW,O Limbo do Menino Sem Olhos,kamaitachi,['musica triste brasileira'],O Limbo do Menino Sem Olhos,1ISc8zhrqxd5WrJMkMMLSm,57,169783,False,0.636,0.369,6,-9.543,0,0.0798,0.483,0,0.144,0.616,132.819,5
367,1e0S2LL2am7tFwrUxCI9oV,Noiva Cadáver,kamaitachi,['musica triste brasileira'],Homem Torto,1ISc8zhrqxd5WrJMkMMLSm,57,102427,False,0.549,0.0912,1,-23.221,0,0.123,0.949,0,0.316,0.788,101.739,4
368,1yJoSwOtQPXcGf3Vzm5DSe,Infame,kamaitachi,['musica triste brasileira'],Infame,1ISc8zhrqxd5WrJMkMMLSm,56,250786,False,0.65,0.73,2,-4.561,0,0.0457,0.0157,0,0.862,0.572,123.917,4
369,1eWQ7LcFqQcrhzzTTVgWOY,6 Balas (Ato II),kamaitachi,['musica triste brasileira'],6 Balas (Ato II),1ISc8zhrqxd5WrJMkMMLSm,56,270437,True,0.558,0.528,5,-10.711,1,0.258,0.339,0,0.14,0.492,100.752,4
370,1XNdu4czbxZ9tdVOhDtI4M,Cheia de Manias,Raça Negra,"['pagode', 'sertanejo', 'sertanejo universitario']",Grandes Sucessos,1RnHJ07H3jcpay9PrUPjnt,65,211000,False,0.707,0.614,7,-9.377,0,0.058,0.198,0,0.177,0.957,156.473,4
371,1wtLEFD3kYHydIrPoB1TPj,Cheia de Manias,Raça Negra,"['pagode', 'sertanejo', 'sertanejo universitario']",Cheia de Manias,1RnHJ07H3jcpay9PrUPjnt,61,227452,False,0.833,0.851,7,-6.859,0,0.0768,0.21,0.000174,0.303,0.776,95.011,4
372,6E3UgZgGHM252JCNH7qYSV,Vida Cigana,Raça Negra,"['pagode', 'sertanejo', 'sertanejo universitario']",Vem Pra Ficar,1RnHJ07H3jcpay9PrUPjnt,59,195506,False,0.584,0.586,7,-9.147,1,0.0572,0.788,0,0.131,0.34,85.027,4
373,4TGM7Ao2goY1FQ57z9Xqcx,Vida Cigana / Maravilha / Jeito Felino - Ao Vivo,Raça Negra,"['pagode', 'sertanejo', 'sertanejo universitario']",Confia (Ao Vivo),1RnHJ07H3jcpay9PrUPjnt,58,323536,False,0.44,0.793,2,-7.542,1,0.0752,0.762,2.09e-05,0.273,0.738,159.977,4
374,4tILvSk9XcdCBzjyzhsuze,É Tarde Demais,Raça Negra,"['pagode', 'sertanejo', 'sertanejo universitario']",Raça Negra - Vol. 6,1RnHJ07H3jcpay9PrUPjnt,56,214693,False,0.615,0.403,4,-11.648,1,0.0282,0.425,4.41e-06,0.321,0.454,136.377,4
375,5JQQylp65Mlpm6yC2JxHHr,Cheia de Manias - Ao Vivo,Raça Negra,"['pagode', 'sertanejo', 'sertanejo universitario']",Raça Negra e Amigos II (Ao Vivo),1RnHJ07H3jcpay9PrUPjnt,56,277125,False,0.714,0.822,8,-7.183,1,0.0599,0.389,1.88e-05,0.916,0.443,99.989,4
376,4vTI1wFRtzrk4GQNHjG8fx,Cigana - Ao Vivo,Raça Negra,"['pagode', 'sertanejo', 'sertanejo universitario']",Raça Negra e Amigos II (Ao Vivo),1RnHJ07H3jcpay9PrUPjnt,55,195875,False,0.655,0.63,0,-6.717,1,0.0353,0.47,0,0.589,0.355,141.981,4
377,0YSZKDBoNt19fO8qxp2cD5,Quando Te Encontrei / Cigana / Cheia de Manias - Ao Vivo,Raça Negra,"['pagode', 'sertanejo', 'sertanejo universitario']",TDP20 - Nossa História (Ao Vivo),1RnHJ07H3jcpay9PrUPjnt,43,311476,False,0.34,0.845,5,-7.011,1,0.0619,0.54,5.55e-06,0.489,0.676,86.048,4
378,4He5gwFJJ8GooWGBmK3XEv,É Tarde Demais / Cheia de Manias - Ao Vivo Em Goiânia,Raça Negra,"['pagode', 'sertanejo', 'sertanejo universitario']",No Pelo 360° (Ao Vivo Em Goiânia),1RnHJ07H3jcpay9PrUPjnt,55,321710,False,0.394,0.873,4,-5.716,1,0.123,0.282,0,0.388,0.507,104.985,4
379,3JuBaEvIXgIuuaJO4X8rVw,A Mesma Aliança - Ao Vivo,Raça Negra,"['pagode', 'sertanejo', 'sertanejo universitario']",O Mundo Canta Raça Negra (Ao Vivo),1RnHJ07H3jcpay9PrUPjnt,48,228693,False,0.5,0.536,9,-9.119,1,0.0615,0.659,0,0.699,0.587,73.835,4
380,7lzfMZak2HjNPXXSxksjPB,Camarão Que Dorme a Onda Leva,Emicida,"['afrofuturismo brasileiro', 'brazilian hip hop', 'funk ostentacao', 'hip hop tuga', 'manguebeat', 'pop lgbtq+ brasileira']","Sambabook Zeca Pagodinho, Vol. 2",2d9LRvQJnAXRijqIJDDs2K,64,168948,False,0.723,0.694,0,-6.694,1,0.0802,0.313,0,0.052,0.739,106.359,4
381,0gGjX0aUg7OaUSAhi1CmDk,Passarinhos,Emicida,"['afrofuturismo brasileiro', 'brazilian hip hop', 'funk ostentacao', 'hip hop tuga', 'manguebeat', 'pop lgbtq+ brasileira']","Sobre Crianças, Quadris, Pesadelos e Lições de Casa...",2d9LRvQJnAXRijqIJDDs2K,62,221626,False,0.747,0.677,1,-6.24,0,0.157,0.062,0,0.109,0.702,159.959,4
382,5p3LIyy38s0QQNoSTwbZXX,AmarElo (Sample: Sujeito de Sorte - Belchior),Emicida,"['afrofuturismo brasileiro', 'brazilian hip hop', 'funk ostentacao', 'hip hop tuga', 'manguebeat', 'pop lgbtq+ brasileira']",AmarElo,2d9LRvQJnAXRijqIJDDs2K,56,320800,False,0.552,0.762,8,-6.367,1,0.361,0.0384,8.63e-06,0.0239,0.512,172.086,4
383,0JSux25Te5HYMSr2D64d02,Levanta e Anda,Emicida,"['afrofuturismo brasileiro', 'brazilian hip hop', 'funk ostentacao', 'hip hop tuga', 'manguebeat', 'pop lgbtq+ brasileira']",O Glorioso Retorno de Quem Nunca Esteve Aqui,2d9LRvQJnAXRijqIJDDs2K,57,150439,False,0.488,0.931,9,-4.185,1,0.327,0.0907,0,0.446,0.823,87.33,4
384,2C9LPYpH9YUgROQDHfRXrU,Hoje Cedo,Emicida,"['afrofuturismo brasileiro', 'brazilian hip hop', 'funk ostentacao', 'hip hop tuga', 'manguebeat', 'pop lgbtq+ brasileira']",O Glorioso Retorno de Quem Nunca Esteve Aqui,2d9LRvQJnAXRijqIJDDs2K,57,194194,False,0.726,0.822,8,-5.08,1,0.319,0.0369,0,0.169,0.537,80.918,4
385,14SO7JAN6L7Mk1ZUmabJaI,Baiana,Emicida,"['afrofuturismo brasileiro', 'brazilian hip hop', 'funk ostentacao', 'hip hop tuga', 'manguebeat', 'pop lgbtq+ brasileira']","Sobre Crianças, Quadris, Pesadelos e Lições de Casa...",2d9LRvQJnAXRijqIJDDs2K,56,233320,False,0.786,0.516,3,-9.161,0,0.043,0.454,0.00527,0.102,0.761,150.04,4
386,7MK6sYlWniVj8D1mrAAIwb,A Ordem Natural das Coisas (feat. Mc Tha),Emicida,"['afrofuturismo brasileiro', 'brazilian hip hop', 'funk ostentacao', 'hip hop tuga', 'manguebeat', 'pop lgbtq+ brasileira']",AmarElo,2d9LRvQJnAXRijqIJDDs2K,55,235866,False,0.429,0.575,10,-8.705,1,0.156,0.794,0.0161,0.113,0.589,86.078,4
387,2pg5jMIT8VlxYnwWFff9UT,DESCOBRIDOR,Emicida,"['afrofuturismo brasileiro', 'brazilian hip hop', 'funk ostentacao', 'hip hop tuga', 'manguebeat', 'pop lgbtq+ brasileira']",MEMÓRIAS (de onde eu nunca fui),2d9LRvQJnAXRijqIJDDs2K,54,188518,False,0.617,0.508,4,-6.133,0,0.183,0.159,1e-05,0.172,0.572,81.51,4
388,4B4yZrE4D1ZTJF9c70wOMz,Não Quero Vingança - Spotify Singles,Emicida,"['afrofuturismo brasileiro', 'brazilian hip hop', 'funk ostentacao', 'hip hop tuga', 'manguebeat', 'pop lgbtq+ brasileira']",Não Quero Vingança - Spotify Singles,2d9LRvQJnAXRijqIJDDs2K,54,176920,False,0.658,0.655,0,-8.252,1,0.047,0.763,6.45e-06,0.122,0.683,110.1,4
389,78m3BiWZ2dLGzElYwrIfFD,Pequenas Alegrias da Vida Adulta (feat. Marcos Valle e Thiago Ventura),Emicida,"['afrofuturismo brasileiro', 'brazilian hip hop', 'funk ostentacao', 'hip hop tuga', 'manguebeat', 'pop lgbtq+ brasileira']",AmarElo,2d9LRvQJnAXRijqIJDDs2K,54,292013,False,0.752,0.662,4,-8.011,0,0.485,0.56,0,0.0668,0.695,81.912,4
390,2dHHgzDwk4BJdRwy9uXhTO,Creepin' (with The Weeknd & 21 Savage),Metro Boomin,['rap'],HEROES & VILLAINS,0iEtIxbK0KxaSlF7G42ZOp,95,221520,True,0.715,0.62,1,-6.005,0,0.0484,0.417,0,0.0822,0.172,97.95,4
391,5wG3HvLhF6Y5KTGlK0IW3J,Trance (with Travis Scott & Young Thug),Metro Boomin,['rap'],HEROES & VILLAINS,0iEtIxbK0KxaSlF7G42ZOp,90,194786,True,0.571,0.549,1,-7.38,0,0.404,0.18,0,0.168,0.447,119.497,4
392,0vjeOZ3Ft5jvAi9SBFJm1j,Superhero (Heroes & Villains) [with Future & Chris Brown],Metro Boomin,['rap'],HEROES & VILLAINS,0iEtIxbK0KxaSlF7G42ZOp,90,182666,True,0.526,0.606,5,-5.3,0,0.259,0.152,2.36e-06,0.194,0.492,116.622,4
393,2Hh3ETdQKrmSI3QS0hme7g,Too Many Nights (feat. Don Toliver & with Future),Metro Boomin,['rap'],HEROES & VILLAINS,0iEtIxbK0KxaSlF7G42ZOp,89,199920,True,0.684,0.671,7,-4.392,0,0.0464,0.189,2.37e-05,0.122,0.156,88.048,4
394,6pcywuOeGGWeOQzdUyti6k,Glock In My Lap,Metro Boomin,['rap'],SAVAGE MODE II,0iEtIxbK0KxaSlF7G42ZOp,88,193591,True,0.847,0.733,10,-6.439,0,0.16,0.00574,1.04e-05,0.151,0.202,130.029,4
395,7sO5G9EABYOXQKNPNiE9NR,Ric Flair Drip (with Metro Boomin),Metro Boomin,['rap'],Without Warning,0iEtIxbK0KxaSlF7G42ZOp,85,172800,True,0.88,0.428,9,-8.28,1,0.206,0.149,5.05e-05,0.114,0.333,100.007,4
396,5SWnsxjhdcEDc7LJjq9UHk,Runnin,Metro Boomin,['rap'],SAVAGE MODE II,0iEtIxbK0KxaSlF7G42ZOp,84,195906,True,0.819,0.626,10,-4.574,0,0.202,0.00748,0.101,0.167,0.415,143.01,4
397,4WuOWVnAqvEQxgSRrspBgt,Niagara Falls (Foot or 2) [with Travis Scott & 21 Savage],Metro Boomin,['rap'],HEROES & VILLAINS,0iEtIxbK0KxaSlF7G42ZOp,84,207306,True,0.671,0.658,2,-5.567,1,0.309,0.189,8.66e-05,0.147,0.257,87.933,4
398,1fewSx2d5KIZ04wsooEBOz,Space Cadet (feat. Gunna),Metro Boomin,['rap'],NOT ALL HEROES WEAR CAPES (Deluxe),0iEtIxbK0KxaSlF7G42ZOp,83,203266,True,0.901,0.464,5,-9.789,0,0.0645,0.368,1.71e-05,0.238,0.638,109.004,4
399,3ruoIF2UnoXdzK8mR61ebq,Rich Nigga Shit (feat. Young Thug),Metro Boomin,['rap'],SAVAGE MODE II,0iEtIxbK0KxaSlF7G42ZOp,83,190331,True,0.825,0.733,1,-5.625,0,0.0969,0.349,0,0.112,0.62,97.974,4
400,2iXdwVdzA0KrI2Q0iZNJbX,Better Together,Jack Johnson,['neo mellow'],In Between Dreams,3GBPw9NK25X1Wt2OUvOwY3,77,207680,False,0.871,0.346,5,-9.481,1,0.0522,0.298,9.24e-06,0.108,0.659,110.054,4
401,0aJrYfARfCKzv6gXjhs4SZ,Upside Down,Jack Johnson,['neo mellow'],Upside Down,3GBPw9NK25X1Wt2OUvOwY3,76,209546,False,0.792,0.647,4,-8.314,1,0.045,0.255,0.000223,0.132,0.694,102.477,4
402,0BgbobvykXxEvxo2HhCuvM,Banana Pancakes,Jack Johnson,['neo mellow'],In Between Dreams,3GBPw9NK25X1Wt2OUvOwY3,72,191906,False,0.814,0.373,7,-8.017,1,0.116,0.602,1.7e-05,0.0931,0.632,114.548,4
403,1dnXuEuApvuVqQCn0v9McL,"Sitting, Waiting, Wishing",Jack Johnson,['neo mellow'],In Between Dreams,3GBPw9NK25X1Wt2OUvOwY3,71,183720,False,0.766,0.547,0,-7.25,1,0.0264,0.229,1.5e-05,0.104,0.556,105.01,4
404,1A4WjuUXeFEVXjwgc7eVZ6,Good People,Jack Johnson,['neo mellow'],In Between Dreams,3GBPw9NK25X1Wt2OUvOwY3,67,208506,False,0.721,0.586,11,-5.999,1,0.034,0.204,2.21e-05,0.0902,0.918,176.104,4
405,44HBcWA1jp22uKjKbwZd7Z,Do You Remember,Jack Johnson,['neo mellow'],In Between Dreams,3GBPw9NK25X1Wt2OUvOwY3,63,144013,False,0.595,0.295,2,-11.388,1,0.0318,0.773,0.000127,0.167,0.704,91.936,4
406,12jjuxN1gxlm29cqL5M6MW,I Got You,Jack Johnson,['neo mellow'],From Here To Now To You,3GBPw9NK25X1Wt2OUvOwY3,69,179346,False,0.899,0.399,11,-6.553,1,0.038,0.61,1.52e-05,0.0923,0.544,98.067,4
407,4sX4O9mgw76aWhehf1eSRD,Gone,Jack Johnson,['neo mellow'],On And On,3GBPw9NK25X1Wt2OUvOwY3,68,130013,False,0.816,0.338,11,-11.989,0,0.0471,0.832,0.00104,0.119,0.756,97.027,4
408,2vO1wr5wIEHqQmY4jWbuhi,Angel,Jack Johnson,['neo mellow'],Sleep Through The Static,3GBPw9NK25X1Wt2OUvOwY3,67,122706,False,0.619,0.0568,3,-19.197,1,0.0433,0.896,0.0967,0.114,0.357,176.279,4
409,5iis9J2sptrUy0VIpFVIg1,Roll Me Up and Smoke Me When I Die - Live,Jack Johnson,['neo mellow'],Willie Nelson American Outlaw (Live),3GBPw9NK25X1Wt2OUvOwY3,68,134266,False,0.427,0.813,0,-9.02,1,0.0737,0.0713,0.109,0.873,0.344,106.859,3
